customerid,country,distinct_orders,revenue
12748,United Kingdom,210,"$33,719.73"
14911,EIRE,201,"$143,825.06"
17841,United Kingdom,124,"$40,991.57"
13089,United Kingdom,97,"$58,825.83"
14606,United Kingdom,93,"$12,156.65"
15311,United Kingdom,91,"$60,767.90"
12971,United Kingdom,86,"$11,189.91"
14646,Netherlands,74,"$280,206.02"
16029,United Kingdom,63,"$81,024.84"
13408,United Kingdom,62,"$28,117.04"
18102,United Kingdom,60,"$259,657.30"
13798,United Kingdom,57,"$37,153.85"
14156,EIRE,55,"$117,379.63"
14527,United Kingdom,55,"$8,508.82"
16422,United Kingdom,51,"$34,684.40"
13694,United Kingdom,50,"$65,039.62"
15061,United Kingdom,48,"$54,534.14"
16013,United Kingdom,47,"$37,130.60"
15039,United Kingdom,47,"$19,914.44"
17450,United Kingdom,46,"$194,550.79"
17949,United Kingdom,45,"$58,510.48"
14298,United Kingdom,44,"$51,527.30"
15189,United Kingdom,41,"$16,225.39"
17811,United Kingdom,39,"$7,837.73"
17961,United Kingdom,39,"$1,296.44"
17315,United Kingdom,38,"$6,292.26"
13199,United Kingdom,38,"$9,817.12"
12921,United Kingdom,37,"$16,587.09"
13767,United Kingdom,37,"$17,220.36"
13468,United Kingdom,37,"$5,704.97"
13263,United Kingdom,35,"$7,454.07"
17389,United Kingdom,34,"$31,833.68"
17850,United Kingdom,34,"$5,391.21"
16839,United Kingdom,34,"$16,594.35"
16133,United Kingdom,33,"$14,589.04"
13777,United Kingdom,33,"$25,977.16"
14735,United Kingdom,32,"$6,065.69"
15078,United Kingdom,32,"$9,743.11"
12569,Germany,32,"$4,124.69"
12682,France,31,"$12,288.22"
17511,United Kingdom,31,"$91,062.38"
17675,United Kingdom,31,"$20,374.28"
17757,United Kingdom,30,"$5,605.29"
15159,United Kingdom,30,"$18,641.01"
12471,Germany,30,"$19,824.05"
17677,United Kingdom,30,"$16,363.23"
17381,United Kingdom,29,"$20,275.61"
16684,United Kingdom,28,"$66,653.56"
13018,United Kingdom,28,"$7,277.70"
15005,United Kingdom,28,"$6,316.57"
17428,United Kingdom,28,"$17,256.85"
12901,United Kingdom,28,"$17,654.54"
13098,United Kingdom,28,"$28,882.44"
15856,United Kingdom,27,"$16,387.57"
16168,United Kingdom,27,"$3,787.60"
15498,United Kingdom,27,"$13,316.40"
16525,United Kingdom,26,"$13,027.45"
13319,United Kingdom,26,"$10,845.55"
17243,United Kingdom,26,"$8,676.85"
18109,United Kingdom,26,"$8,052.97"
18118,United Kingdom,26,"$5,653.82"
15769,United Kingdom,26,"$56,252.72"
13078,United Kingdom,26,"$12,627.94"
14180,United Kingdom,25,"$4,748.52"
12841,United Kingdom,25,"$4,022.35"
13854,United Kingdom,25,"$8,109.52"
14667,United Kingdom,25,"$9,241.20"
14849,United Kingdom,25,"$7,930.54"
12720,Germany,25,"$5,781.73"
17581,United Kingdom,25,"$11,045.04"
13534,United Kingdom,25,"$5,870.08"
13069,United Kingdom,24,"$4,436.12"
13113,United Kingdom,24,"$12,245.96"
13102,United Kingdom,24,"$6,424.09"
14056,United Kingdom,23,"$8,214.65"
15615,United Kingdom,23,"$10,399.74"
16353,United Kingdom,23,"$6,675.71"
14051,United Kingdom,23,"$15,610.39"
17857,United Kingdom,23,"$26,879.04"
15358,United Kingdom,22,"$8,347.20"
16333,United Kingdom,22,"$26,626.80"
12681,France,22,"$13,787.54"
16779,United Kingdom,22,"$10,629.72"
14560,United Kingdom,22,"$2,237.77"
12415,Australia,21,"$124,914.53"
17068,United Kingdom,21,"$4,552.14"
18041,United Kingdom,21,"$4,183.39"
16931,United Kingdom,21,"$4,604.22"
16814,United Kingdom,21,"$6,509.10"
13599,United Kingdom,21,"$5,153.67"
14194,United Kingdom,21,"$11,349.52"
13668,United Kingdom,21,"$6,363.59"
16729,United Kingdom,21,"$7,239.92"
16523,United Kingdom,21,"$9,418.47"
14688,United Kingdom,21,"$5,630.87"
17017,United Kingdom,20,"$8,694.26"
16672,United Kingdom,20,"$8,134.94"
14895,United Kingdom,20,"$11,138.71"
13881,United Kingdom,20,"$17,159.52"
18229,United Kingdom,20,"$7,276.90"
12621,Germany,20,"$13,689.67"
17377,United Kingdom,20,"$4,100.92"
18172,United Kingdom,20,"$7,561.68"
16558,United Kingdom,20,"$8,338.49"
16033,United Kingdom,20,"$8,816.40"
17865,United Kingdom,20,"$10,526.32"
16705,United Kingdom,20,"$14,034.99"
13267,United Kingdom,19,"$4,521.49"
14060,United Kingdom,19,"$6,140.42"
14397,United Kingdom,19,"$2,612.96"
16923,United Kingdom,19,"$7,247.61"
16161,United Kingdom,19,"$5,575.56"
17576,United Kingdom,19,"$3,622.68"
16945,United Kingdom,19,"$4,345.50"
17735,United Kingdom,19,"$13,110.02"
15838,United Kingdom,19,"$33,643.08"
14031,United Kingdom,19,"$17,286.86"
15513,United Kingdom,19,"$14,758.22"
17306,United Kingdom,19,"$8,631.31"
15465,United Kingdom,18,"$7,354.62"
12474,Germany,18,"$7,375.79"
16210,United Kingdom,18,"$21,086.30"
15290,United Kingdom,18,"$7,943.22"
13004,United Kingdom,18,"$5,655.91"
14085,United Kingdom,18,"$4,448.54"
12437,France,18,"$4,951.41"
13969,United Kingdom,18,"$9,053.94"
16746,United Kingdom,18,"$6,697.66"
16458,United Kingdom,18,"$3,482.74"
14562,United Kingdom,18,"$5,074.77"
14534,United Kingdom,18,"$4,447.05"
13418,United Kingdom,18,"$6,127.43"
13576,United Kingdom,18,"$6,717.34"
14057,United Kingdom,17,"$6,217.96"
14702,United Kingdom,17,"$3,292.14"
18241,United Kingdom,17,"$2,073.09"
17920,United Kingdom,17,"$4,204.10"
13050,United Kingdom,17,"$5,836.86"
16928,United Kingdom,17,"$2,847.60"
18198,United Kingdom,17,"$5,425.56"
16626,United Kingdom,17,"$4,413.10"
14096,United Kingdom,17,"$65,164.79"
14796,United Kingdom,17,"$8,022.49"
15144,United Kingdom,17,"$6,580.44"
16745,United Kingdom,17,"$7,194.30"
15805,United Kingdom,17,"$5,528.48"
15044,United Kingdom,17,"$7,700.23"
12540,Spain,17,"$13,400.24"
17238,United Kingdom,17,"$3,744.65"
17706,United Kingdom,17,"$10,504.49"
14217,United Kingdom,17,"$2,004.98"
14543,United Kingdom,16,"$3,630.33"
14680,United Kingdom,16,"$28,754.11"
15187,United Kingdom,16,"$4,777.18"
14367,United Kingdom,16,"$9,261.52"
16592,United Kingdom,16,"$4,113.68"
15555,United Kingdom,16,"$4,805.17"
18283,United Kingdom,16,"$2,094.88"
16843,United Kingdom,16,"$10,196.57"
16011,United Kingdom,16,"$3,362.71"
16904,United Kingdom,16,"$3,754.27"
15738,United Kingdom,16,"$4,812.42"
14135,United Kingdom,15,"$4,690.31"
15271,United Kingdom,15,"$2,507.07"
17719,United Kingdom,15,"$5,396.04"
14189,United Kingdom,15,"$4,654.08"
16656,United Kingdom,15,"$8,625.80"
12931,United Kingdom,15,"$42,055.96"
12709,Germany,15,"$9,736.52"
15640,United Kingdom,15,"$12,515.66"
15125,United Kingdom,15,"$11,528.48"
12989,United Kingdom,15,"$6,924.11"
16187,United Kingdom,15,"$6,911.44"
17346,United Kingdom,15,"$2,676.56"
15939,United Kingdom,15,"$6,115.01"
15194,United Kingdom,15,"$7,616.53"
16713,United Kingdom,15,"$6,923.13"
14282,United Kingdom,15,"$3,729.34"
17404,Sweden,15,"$31,906.82"
12683,France,15,"$8,476.57"
12583,France,15,"$7,281.38"
15291,United Kingdom,15,"$4,668.30"
17611,United Kingdom,15,"$3,984.22"
15046,United Kingdom,15,"$5,213.77"
13695,United Kingdom,15,"$2,504.13"
13269,United Kingdom,15,"$5,346.23"
17690,United Kingdom,15,"$4,757.95"
15867,United Kingdom,15,"$3,812.64"
13985,United Kingdom,15,"$7,060.13"
14092,United Kingdom,14,"$4,076.91"
15547,United Kingdom,14,"$4,954.84"
17613,United Kingdom,14,"$4,559.15"
15694,United Kingdom,14,"$6,479.40"
17220,United Kingdom,14,"$3,198.25"
18223,United Kingdom,14,"$6,484.54"
13230,United Kingdom,14,"$2,806.97"
13458,United Kingdom,14,"$9,646.57"
13756,United Kingdom,14,"$5,189.52"
13090,United Kingdom,14,"$8,910.82"
16607,United Kingdom,14,"$3,347.71"
16326,United Kingdom,14,"$3,110.96"
17790,United Kingdom,14,"$1,965.55"
15827,United Kingdom,14,"$1,836.09"
14607,United Kingdom,14,"$16,569.50"
18065,United Kingdom,14,"$2,392.83"
15955,United Kingdom,14,"$4,416.26"
15601,United Kingdom,14,"$6,776.56"
17965,United Kingdom,14,"$2,622.57"
12839,United Kingdom,14,"$5,591.42"
13880,United Kingdom,13,"$3,219.77"
16764,United Kingdom,13,"$2,799.25"
13488,United Kingdom,13,"$8,968.31"
14401,United Kingdom,13,"$4,051.48"
14088,United Kingdom,13,"$50,491.81"
12757,Portugal,13,"$7,857.10"
12712,Germany,13,"$4,396.13"
16393,United Kingdom,13,"$3,046.21"
15581,United Kingdom,13,"$3,679.97"
15249,United Kingdom,13,"$6,688.46"
15152,United Kingdom,13,"$4,745.69"
17975,United Kingdom,13,"$4,488.81"
14415,United Kingdom,13,"$5,900.28"
16782,United Kingdom,13,"$2,279.90"
14709,United Kingdom,13,"$4,921.04"
13013,United Kingdom,13,"$4,810.94"
16700,United Kingdom,13,"$5,076.55"
14191,United Kingdom,13,"$4,684.76"
13871,United Kingdom,13,"$6,403.25"
17730,United Kingdom,13,"$5,298.48"
16701,United Kingdom,13,"$5,398.30"
15804,United Kingdom,13,"$4,206.39"
15611,United Kingdom,13,"$1,591.45"
16241,United Kingdom,13,"$2,607.87"
16191,United Kingdom,13,"$5,180.52"
16722,United Kingdom,13,"$4,730.81"
17402,United Kingdom,13,"$2,633.85"
13709,United Kingdom,13,"$6,328.05"
15719,United Kingdom,13,"$5,045.61"
12431,Australia,13,"$5,514.67"
13001,United Kingdom,13,"$9,818.82"
13999,United Kingdom,12,"$3,901.81"
13266,United Kingdom,12,"$3,834.26"
15373,United Kingdom,12,"$2,415.91"
13742,United Kingdom,12,"$3,131.02"
17139,United Kingdom,12,"$10,668.47"
15482,United Kingdom,12,"$11,054.96"
15298,United Kingdom,12,"$4,799.90"
13148,United Kingdom,12,"$3,707.12"
18073,United Kingdom,12,"$3,877.52"
17954,United Kingdom,12,"$2,332.72"
13571,United Kingdom,12,"$2,092.32"
16401,United Kingdom,12,"$4,098.32"
12731,France,12,"$18,895.91"
14733,United Kingdom,12,"$9,585.91"
18144,United Kingdom,12,"$2,888.75"
15301,United Kingdom,12,"$5,070.35"
12647,Germany,12,"$3,722.82"
17858,United Kingdom,12,"$5,155.66"
14040,United Kingdom,12,"$3,614.92"
15570,United Kingdom,12,"$4,165.52"
17659,United Kingdom,12,"$2,999.46"
18225,United Kingdom,12,"$5,509.12"
15235,United Kingdom,12,"$2,247.51"
13552,United Kingdom,12,"$3,740.07"
14866,United Kingdom,12,"$14,389.90"
14944,United Kingdom,12,"$5,900.25"
17870,United Kingdom,12,"$1,894.35"
17652,United Kingdom,12,"$4,867.72"
12877,United Kingdom,12,"$1,535.77"
16553,United Kingdom,12,"$5,719.82"
16186,United Kingdom,12,"$4,006.94"
14825,United Kingdom,12,"$2,226.91"
14062,United Kingdom,12,"$10,464.85"
16678,United Kingdom,12,"$3,109.99"
13094,United Kingdom,12,"$1,927.32"
12678,France,12,"$17,628.46"
15971,United Kingdom,12,"$4,199.85"
14800,United Kingdom,12,"$4,339.74"
17809,United Kingdom,12,"$5,411.91"
17419,United Kingdom,12,"$4,226.57"
12395,Belgium,12,"$3,018.63"
15854,United Kingdom,12,"$2,974.65"
13983,United Kingdom,12,"$2,603.43"
15502,United Kingdom,12,"$10,384.93"
14110,United Kingdom,12,"$5,683.15"
13631,United Kingdom,11,"$3,070.42"
14776,United Kingdom,11,"$2,538.30"
14032,United Kingdom,11,"$2,975.59"
17364,United Kingdom,11,"$4,481.18"
12747,United Kingdom,11,"$4,196.01"
14713,United Kingdom,11,"$2,666.36"
13081,United Kingdom,11,"$28,337.38"
17340,United Kingdom,11,"$12,353.29"
16818,United Kingdom,11,"$3,349.57"
17716,United Kingdom,11,"$5,655.99"
15218,United Kingdom,11,"$5,756.89"
12662,Germany,11,"$3,849.78"
15251,United Kingdom,11,"$10,484.99"
12523,France,11,"$1,789.77"
17644,United Kingdom,11,"$2,895.64"
13178,United Kingdom,11,"$5,725.47"
13784,United Kingdom,11,"$2,462.79"
14952,United Kingdom,11,"$8,099.49"
14291,United Kingdom,11,"$3,883.25"
14711,United Kingdom,11,"$2,868.80"
13268,United Kingdom,11,"$3,214.69"
16919,United Kingdom,11,"$2,596.45"
17061,United Kingdom,11,"$5,232.23"
14239,United Kingdom,11,"$2,380.85"
14755,United Kingdom,11,"$5,010.28"
15058,United Kingdom,11,"$2,124.99"
16775,United Kingdom,11,"$1,695.66"
14099,United Kingdom,11,"$3,104.17"
18226,United Kingdom,11,"$5,228.05"
15529,United Kingdom,11,"$3,995.23"
14132,United Kingdom,11,"$3,586.03"
18077,United Kingdom,11,"$2,633.01"
16767,United Kingdom,11,"$5,580.60"
16837,United Kingdom,11,"$3,170.98"
15023,United Kingdom,11,"$6,802.76"
14462,United Kingdom,11,"$2,004.02"
12476,Germany,11,"$6,816.42"
16145,United Kingdom,11,"$3,799.49"
16912,United Kingdom,11,"$2,575.38"
13629,United Kingdom,11,"$7,792.36"
14810,United Kingdom,11,"$2,087.88"
12500,Germany,11,"$4,257.82"
16670,United Kingdom,11,"$4,095.90"
15514,United Kingdom,11,"$4,139.46"
16712,United Kingdom,11,"$3,645.43"
12955,United Kingdom,11,"$4,757.16"
15129,United Kingdom,11,"$3,447.40"
17725,United Kingdom,11,"$3,439.08"
14159,United Kingdom,11,"$4,693.01"
18092,United Kingdom,11,"$9,068.26"
17001,United Kingdom,11,"$3,989.57"
14502,United Kingdom,11,"$2,470.67"
13890,United Kingdom,10,"$1,883.81"
16549,United Kingdom,10,"$4,154.64"
12362,Belgium,10,"$5,226.23"
18219,United Kingdom,10,"$2,069.77"
17162,United Kingdom,10,"$1,715.46"
17530,United Kingdom,10,"$2,385.00"
16293,United Kingdom,10,"$2,248.99"
12594,Italy,10,"$3,338.22"
14243,United Kingdom,10,"$2,588.77"
13014,United Kingdom,10,"$3,466.28"
13324,United Kingdom,10,"$7,121.95"
15150,United Kingdom,10,"$5,314.47"
13426,United Kingdom,10,"$3,641.32"
16985,United Kingdom,10,"$5,464.12"
16426,United Kingdom,10,"$1,908.25"
18061,United Kingdom,10,"$2,119.41"
17512,United Kingdom,10,"$2,924.99"
12567,France,10,"$9,401.28"
12553,France,10,"$3,692.28"
13305,United Kingdom,10,"$2,000.86"
13097,United Kingdom,10,"$6,010.42"
15356,United Kingdom,10,"$2,766.50"
16813,United Kingdom,10,"$1,692.98"
13184,United Kingdom,10,"$1,701.29"
16570,United Kingdom,10,"$3,738.40"
15033,United Kingdom,10,"$2,586.67"
17231,United Kingdom,10,"$3,174.32"
14227,United Kingdom,10,"$3,350.96"
12481,Germany,10,"$5,596.32"
13491,United Kingdom,10,"$1,215.82"
16407,United Kingdom,10,"$2,126.93"
17799,United Kingdom,10,"$3,055.93"
16794,United Kingdom,10,"$1,222.71"
12490,France,10,"$5,417.93"
13047,United Kingdom,10,"$3,237.54"
18055,United Kingdom,10,"$6,784.19"
17769,United Kingdom,10,"$3,997.98"
13769,United Kingdom,10,"$2,796.51"
16638,United Kingdom,10,"$1,680.72"
15024,United Kingdom,10,"$1,661.33"
15114,United Kingdom,10,"$2,760.56"
14426,United Kingdom,10,"$4,481.67"
18075,United Kingdom,10,"$2,611.75"
17651,United Kingdom,10,"$3,945.00"
12600,Germany,10,"$2,599.04"
15984,United Kingdom,10,"$2,837.67"
17491,United Kingdom,10,"$3,558.87"
16076,United Kingdom,10,"$2,234.73"
17218,United Kingdom,10,"$1,960.72"
13700,United Kingdom,10,"$2,265.12"
18044,United Kingdom,10,"$2,088.60"
17940,United Kingdom,10,"$4,106.44"
16710,United Kingdom,10,"$2,483.04"
12708,Germany,10,"$2,712.91"
17634,United Kingdom,9,"$2,361.97"
17069,United Kingdom,9,"$2,709.70"
12980,United Kingdom,9,"$7,374.90"
15622,United Kingdom,9,"$3,709.56"
12619,Germany,9,"$3,641.24"
14221,United Kingdom,9,"$3,432.80"
12428,Finland,9,"$7,956.46"
12705,Germany,9,"$6,868.29"
13082,United Kingdom,9,"$3,613.63"
16359,United Kingdom,9,"$1,750.92"
13021,United Kingdom,9,"$2,616.38"
15628,United Kingdom,9,"$2,870.24"
15606,United Kingdom,9,"$2,920.16"
16817,United Kingdom,9,"$1,604.75"
13183,United Kingdom,9,"$3,957.78"
14573,United Kingdom,9,"$1,653.42"
13993,United Kingdom,9,"$3,466.36"
13704,United Kingdom,9,"$2,308.06"
12626,Germany,9,"$6,620.48"
12664,Finland,9,"$4,881.88"
14299,United Kingdom,9,"$3,965.62"
17049,United Kingdom,9,"$5,659.98"
14659,United Kingdom,9,"$2,529.93"
14704,United Kingdom,9,"$1,546.91"
16019,United Kingdom,9,"$3,786.24"
13842,United Kingdom,9,"$3,385.62"
15544,United Kingdom,9,"$3,546.71"
15660,United Kingdom,9,"$1,600.86"
16365,United Kingdom,9,"$1,540.42"
13755,United Kingdom,9,"$2,161.35"
17750,United Kingdom,9,"$1,797.57"
16942,United Kingdom,9,"$1,920.59"
14211,United Kingdom,9,"$2,241.10"
17504,United Kingdom,9,"$2,997.03"
15281,United Kingdom,9,"$2,332.15"
16156,United Kingdom,9,"$3,122.04"
15602,United Kingdom,9,"$1,297.87"
14456,United Kingdom,9,"$3,062.40"
15059,United Kingdom,9,"$1,337.72"
14395,United Kingdom,9,"$3,507.71"
14083,United Kingdom,9,"$1,018.43"
14390,United Kingdom,9,"$4,652.82"
15687,United Kingdom,9,"$2,993.10"
16954,United Kingdom,9,"$2,085.08"
12584,Italy,9,"$2,338.15"
14410,United Kingdom,9,"$1,105.07"
17848,United Kingdom,9,$901.20
16265,United Kingdom,9,"$5,447.00"
14309,United Kingdom,9,"$2,352.53"
17705,United Kingdom,9,"$1,823.52"
17800,United Kingdom,9,"$1,199.01"
14701,United Kingdom,9,"$2,549.37"
17293,United Kingdom,9,"$1,875.11"
14525,United Kingdom,9,"$4,332.20"
18008,United Kingdom,9,"$2,116.19"
14587,United Kingdom,9,"$1,601.14"
15021,United Kingdom,9,"$1,914.82"
14292,United Kingdom,9,"$4,871.93"
13588,United Kingdom,9,"$2,478.95"
14258,United Kingdom,9,"$12,669.98"
14524,United Kingdom,9,"$1,867.68"
13911,United Kingdom,9,"$2,580.91"
14878,United Kingdom,9,"$1,485.54"
14901,United Kingdom,9,"$1,421.29"
17071,United Kingdom,9,"$2,429.03"
14961,United Kingdom,9,"$7,044.68"
17091,United Kingdom,9,"$3,827.76"
12957,United Kingdom,8,"$4,017.54"
17567,United Kingdom,8,"$4,331.48"
17097,Spain,8,$954.42
13093,United Kingdom,8,"$7,832.47"
17888,United Kingdom,8,$726.05
15737,United Kingdom,8,"$1,205.12"
15981,United Kingdom,8,"$3,408.48"
15632,United Kingdom,8,"$3,285.31"
15910,United Kingdom,8,"$1,232.18"
17861,United Kingdom,8,"$2,100.80"
15214,United Kingdom,8,"$1,661.44"
15750,United Kingdom,8,"$2,465.48"
14547,United Kingdom,8,"$4,007.54"
17365,United Kingdom,8,"$4,801.56"
14388,United Kingdom,8,"$3,212.84"
16910,United Kingdom,8,"$1,510.06"
15845,United Kingdom,8,"$3,711.77"
15034,United Kingdom,8,"$4,308.61"
14505,United Kingdom,8,"$5,905.64"
14541,United Kingdom,8,"$1,461.65"
14030,United Kingdom,8,"$2,360.09"
17211,United Kingdom,8,"$2,317.22"
14364,United Kingdom,8,"$3,717.35"
14730,United Kingdom,8,"$2,005.06"
15527,United Kingdom,8,"$2,429.78"
14341,United Kingdom,8,"$2,182.28"
14868,United Kingdom,8,"$2,953.59"
12352,Norway,8,"$2,506.04"
14071,United Kingdom,8,"$1,438.82"
13126,United Kingdom,8,"$2,099.64"
12423,Belgium,8,"$1,859.31"
17528,United Kingdom,8,"$3,628.50"
15410,United Kingdom,8,"$3,450.84"
16255,United Kingdom,8,"$2,619.91"
12779,Poland,8,"$3,981.36"
15860,United Kingdom,8,$977.21
12939,United Kingdom,8,"$11,581.80"
17696,United Kingdom,8,"$2,285.71"
14936,Channel Islands,8,"$8,137.02"
15304,United Kingdom,8,$694.40
12417,Belgium,8,"$3,212.80"
17629,United Kingdom,8,"$1,814.12"
15796,United Kingdom,8,"$2,711.56"
14344,United Kingdom,8,$889.93
15861,United Kingdom,8,"$3,165.36"
16180,United Kingdom,8,"$10,254.18"
12524,Germany,8,"$4,485.72"
17396,United Kingdom,8,"$7,330.80"
17368,United Kingdom,8,"$1,912.67"
12949,United Kingdom,8,"$4,167.22"
13327,United Kingdom,8,"$3,627.77"
15134,United Kingdom,8,"$1,387.99"
13862,United Kingdom,8,"$2,209.36"
15241,United Kingdom,8,"$1,756.44"
15521,United Kingdom,8,"$3,000.20"
13394,United Kingdom,8,"$2,520.02"
14334,United Kingdom,8,"$2,552.21"
17314,United Kingdom,8,"$2,527.92"
17230,United Kingdom,8,"$3,638.41"
17114,United Kingdom,8,$808.62
12843,United Kingdom,8,"$1,702.26"
15916,United Kingdom,8,"$1,528.09"
14262,United Kingdom,8,"$2,618.23"
16016,United Kingdom,8,"$1,508.76"
12704,Finland,8,"$2,340.84"
12637,France,8,"$6,021.90"
13117,United Kingdom,8,$984.91
18116,United Kingdom,8,"$1,418.03"
14472,United Kingdom,8,"$1,936.84"
15953,United Kingdom,8,"$1,659.38"
15932,United Kingdom,8,"$2,495.87"
17837,United Kingdom,8,"$1,593.38"
17173,United Kingdom,8,"$3,766.60"
14769,United Kingdom,8,"$10,674.75"
14732,United Kingdom,8,"$2,702.49"
13870,United Kingdom,8,"$2,770.94"
16316,United Kingdom,8,"$2,938.91"
16115,United Kingdom,8,"$1,667.97"
17372,United Kingdom,8,"$1,342.68"
12910,United Kingdom,8,"$3,075.04"
17228,United Kingdom,8,"$1,906.09"
17894,United Kingdom,8,"$1,119.81"
15696,United Kingdom,8,"$2,736.46"
13137,United Kingdom,8,"$3,650.41"
14808,United Kingdom,8,"$2,741.17"
17509,United Kingdom,8,"$6,115.14"
13971,United Kingdom,8,"$2,758.26"
18257,United Kingdom,8,"$2,337.63"
13012,United Kingdom,8,"$1,661.84"
15518,United Kingdom,8,"$1,942.45"
17758,United Kingdom,8,"$3,456.70"
12464,Belgium,8,"$1,212.05"
17338,United Kingdom,8,"$6,643.93"
12598,France,8,"$3,023.08"
17997,United Kingdom,8,"$1,970.67"
13725,United Kingdom,8,"$1,980.56"
13209,United Kingdom,8,"$5,891.61"
12963,United Kingdom,8,"$1,856.63"
12483,Sweden,8,"$2,484.98"
14414,United Kingdom,7,"$1,496.98"
12627,Germany,7,"$4,478.53"
13758,United Kingdom,7,"$3,190.55"
16218,United Kingdom,7,"$3,084.68"
17434,United Kingdom,7,"$2,373.82"
15370,United Kingdom,7,"$2,386.05"
15993,United Kingdom,7,"$2,797.57"
15351,United Kingdom,7,"$1,960.11"
14201,United Kingdom,7,$747.44
16455,United Kingdom,7,"$1,841.18"
17596,United Kingdom,7,"$2,827.93"
13110,United Kingdom,7,"$1,488.67"
15140,United Kingdom,7,"$2,354.25"
13804,United Kingdom,7,"$2,635.79"
15453,United Kingdom,7,"$1,388.37"
14466,United Kingdom,7,"$2,272.40"
14739,United Kingdom,7,"$3,902.28"
14107,United Kingdom,7,"$2,703.23"
14696,United Kingdom,7,"$2,078.95"
14178,United Kingdom,7,"$1,620.93"
13538,United Kingdom,7,"$1,280.85"
17449,United Kingdom,7,"$2,520.86"
16983,United Kingdom,7,"$1,931.25"
13630,United Kingdom,7,"$2,031.78"
12562,France,7,"$3,781.74"
16880,United Kingdom,7,"$1,519.08"
16332,United Kingdom,7,"$1,593.20"
14533,United Kingdom,7,"$1,949.72"
15708,United Kingdom,7,"$3,364.24"
14738,United Kingdom,7,"$1,314.45"
12599,France,7,"$1,032.58"
15299,United Kingdom,7,"$4,507.01"
17164,United Kingdom,7,"$2,467.35"
18230,United Kingdom,7,"$2,810.20"
14794,United Kingdom,7,"$1,319.91"
12494,France,7,"$1,246.10"
15260,United Kingdom,7,"$1,810.77"
17562,United Kingdom,7,"$1,122.38"
16791,United Kingdom,7,"$1,721.78"
15974,United Kingdom,7,"$3,442.15"
14854,United Kingdom,7,"$2,759.83"
15906,United Kingdom,7,"$1,567.69"
17739,United Kingdom,7,"$2,791.35"
16531,United Kingdom,7,"$1,244.59"
16609,United Kingdom,7,"$5,493.46"
16477,United Kingdom,7,"$2,494.46"
12726,France,7,"$2,609.10"
13610,United Kingdom,7,"$1,131.88"
17988,United Kingdom,7,$201.12
15270,United Kingdom,7,"$2,379.49"
13536,United Kingdom,7,"$3,448.29"
13225,United Kingdom,7,"$6,463.84"
13509,United Kingdom,7,$979.72
13340,United Kingdom,7,"$10,736.48"
15671,United Kingdom,7,"$2,657.13"
17193,United Kingdom,7,"$1,699.30"
17213,United Kingdom,7,"$2,781.23"
17323,United Kingdom,7,$921.07
16474,United Kingdom,7,"$1,871.50"
16348,United Kingdom,7,"$1,469.45"
15903,United Kingdom,7,"$5,126.76"
17686,United Kingdom,7,"$5,739.46"
16242,United Kingdom,7,"$3,603.21"
17191,United Kingdom,7,"$2,095.13"
16107,United Kingdom,7,"$3,204.16"
14329,United Kingdom,7,"$5,014.84"
16057,United Kingdom,7,"$2,263.12"
14653,United Kingdom,7,"$1,947.55"
12472,Germany,7,"$6,572.11"
17490,United Kingdom,7,"$2,092.32"
14004,United Kingdom,7,"$4,582.64"
16434,United Kingdom,7,"$1,522.25"
17133,United Kingdom,7,"$4,892.24"
14907,United Kingdom,7,"$3,501.10"
15727,United Kingdom,7,"$5,178.96"
13384,United Kingdom,7,"$4,151.93"
15105,United Kingdom,7,"$2,298.93"
18245,United Kingdom,7,"$2,567.06"
15473,United Kingdom,7,"$1,771.20"
15752,United Kingdom,7,"$2,637.38"
15443,United Kingdom,7,"$3,236.91"
16652,United Kingdom,7,"$6,773.97"
13527,United Kingdom,7,"$2,287.51"
16725,United Kingdom,7,$781.02
12935,United Kingdom,7,"$2,160.70"
15572,United Kingdom,7,"$2,552.86"
17416,United Kingdom,7,"$6,893.42"
16556,United Kingdom,7,"$3,313.79"
13437,United Kingdom,7,"$3,408.06"
14744,United Kingdom,7,"$1,099.98"
12948,United Kingdom,7,"$2,064.95"
17188,United Kingdom,7,"$2,474.23"
16466,United Kingdom,7,"$1,603.46"
17819,United Kingdom,7,"$3,704.87"
16098,United Kingdom,7,"$2,005.63"
12433,Norway,7,"$13,375.87"
13232,United Kingdom,7,"$1,357.60"
17287,United Kingdom,7,"$1,064.11"
17288,United Kingdom,7,"$1,419.73"
14976,United Kingdom,7,$790.86
17655,United Kingdom,7,"$2,638.94"
12744,Singapore,7,"$21,279.29"
13435,United Kingdom,7,"$3,809.89"
16266,United Kingdom,7,$861.89
18094,United Kingdom,7,"$3,017.30"
15379,United Kingdom,7,"$3,703.29"
12727,France,7,"$3,980.70"
15365,United Kingdom,7,"$2,314.32"
17412,United Kingdom,7,"$1,258.06"
16929,United Kingdom,7,"$1,295.39"
15987,United Kingdom,7,"$1,451.28"
16966,United Kingdom,7,"$2,154.97"
15874,United Kingdom,7,"$4,405.88"
16744,United Kingdom,7,"$1,304.76"
17591,United Kingdom,7,"$2,225.97"
14408,United Kingdom,7,"$2,606.53"
17685,United Kingdom,7,"$3,191.53"
12766,Portugal,7,"$6,989.63"
17090,United Kingdom,7,"$2,043.95"
13953,United Kingdom,7,"$3,515.68"
17937,United Kingdom,7,"$4,301.22"
17451,United Kingdom,7,"$1,721.40"
17924,United Kingdom,7,"$2,962.50"
17135,United Kingdom,7,"$1,139.73"
13139,United Kingdom,7,"$5,064.94"
12684,France,7,"$2,283.63"
17063,United Kingdom,7,"$1,461.14"
16686,United Kingdom,7,"$3,062.83"
16743,United Kingdom,7,"$2,238.09"
14112,United Kingdom,7,"$2,915.15"
17663,United Kingdom,7,"$1,802.91"
16719,United Kingdom,7,"$1,790.42"
14572,United Kingdom,7,"$2,832.84"
13549,United Kingdom,7,$918.20
16987,United Kingdom,7,"$1,625.05"
13743,United Kingdom,7,"$1,341.60"
12867,United Kingdom,7,"$4,036.82"
13685,United Kingdom,7,"$3,119.44"
17669,United Kingdom,7,"$3,406.72"
16905,United Kingdom,7,"$3,102.43"
12347,Iceland,7,"$4,310.00"
12826,United Kingdom,7,"$1,474.72"
16103,United Kingdom,6,"$1,429.64"
16873,United Kingdom,6,"$7,123.62"
12778,Netherlands,6,$822.23
17874,United Kingdom,6,$683.46
14723,United Kingdom,6,"$1,158.30"
15089,United Kingdom,6,"$2,420.84"
14852,United Kingdom,6,"$2,836.69"
14766,United Kingdom,6,"$2,473.37"
15864,United Kingdom,6,"$1,936.32"
16996,United Kingdom,6,"$1,456.96"
18168,United Kingdom,6,"$1,169.94"
13975,United Kingdom,6,"$2,526.28"
18037,United Kingdom,6,$70.02
14507,United Kingdom,6,"$1,383.18"
13027,United Kingdom,6,"$6,912.00"
16143,United Kingdom,6,"$2,424.94"
16717,United Kingdom,6,"$3,858.38"
17676,United Kingdom,6,"$1,387.68"
17442,United Kingdom,6,"$2,248.56"
15764,United Kingdom,6,"$3,279.97"
12828,United Kingdom,6,"$1,018.71"
16027,United Kingdom,6,$934.62
13520,Switzerland,6,"$3,624.35"
16979,United Kingdom,6,"$1,852.00"
16170,United Kingdom,6,"$1,885.05"
15382,United Kingdom,6,"$5,955.71"
18272,United Kingdom,6,"$3,078.58"
12676,Sweden,6,"$1,331.39"
17227,United Kingdom,6,$939.32
14215,United Kingdom,6,"$1,789.72"
12853,United Kingdom,6,"$1,957.10"
18122,United Kingdom,6,"$1,826.21"
14948,United Kingdom,6,"$1,101.97"
17867,United Kingdom,6,"$1,197.10"
13924,United Kingdom,6,"$1,838.85"
16600,United Kingdom,6,$813.52
13381,United Kingdom,6,"$3,639.31"
13991,United Kingdom,6,$855.97
17107,United Kingdom,6,"$10,815.43"
14883,United Kingdom,6,$761.59
13650,United Kingdom,6,"$1,836.34"
13831,United Kingdom,6,"$2,202.99"
12643,France,6,"$3,344.64"
17723,United Kingdom,6,"$3,276.40"
17426,United Kingdom,6,"$5,037.26"
17027,United Kingdom,6,$890.29
17160,United Kingdom,6,"$3,518.03"
13654,United Kingdom,6,"$2,707.33"
12868,United Kingdom,6,"$1,607.06"
14432,United Kingdom,6,"$2,255.51"
15508,United Kingdom,6,"$1,000.27"
13590,United Kingdom,6,"$1,981.92"
16841,United Kingdom,6,"$1,869.82"
15491,United Kingdom,6,"$3,100.09"
14741,United Kingdom,6,"$1,400.34"
14419,United Kingdom,6,"$1,058.06"
16681,United Kingdom,6,"$1,770.34"
12830,United Kingdom,6,"$6,814.64"
12783,Portugal,6,"$2,225.91"
13728,United Kingdom,6,"$1,016.14"
16184,United Kingdom,6,"$1,158.79"
13246,United Kingdom,6,"$1,987.30"
17183,United Kingdom,6,"$3,347.31"
14407,United Kingdom,6,"$2,157.73"
12484,Spain,6,"$4,541.72"
12951,United Kingdom,6,"$1,064.07"
14188,United Kingdom,6,"$2,054.36"
13138,United Kingdom,6,$962.39
12685,France,6,"$2,863.08"
14487,United Kingdom,6,"$1,196.33"
18177,United Kingdom,6,"$1,341.42"
13198,United Kingdom,6,"$3,401.24"
13448,United Kingdom,6,"$3,539.37"
12388,Australia,6,"$2,780.66"
16668,United Kingdom,6,$306.72
12691,France,6,"$1,035.80"
17744,United Kingdom,6,"$2,322.40"
13994,United Kingdom,6,"$2,313.14"
16360,United Kingdom,6,"$3,512.53"
14841,United Kingdom,6,"$3,295.76"
17050,United Kingdom,6,"$3,228.84"
12477,Germany,6,"$13,219.74"
15093,United Kingdom,6,"$4,597.02"
17863,United Kingdom,6,"$3,160.00"
13477,United Kingdom,6,"$1,454.58"
14307,United Kingdom,6,"$2,995.72"
17086,United Kingdom,6,"$2,050.08"
16871,United Kingdom,6,"$2,812.34"
14676,United Kingdom,6,"$2,548.24"
16497,United Kingdom,6,"$2,965.69"
17422,United Kingdom,6,"$1,979.37"
14834,United Kingdom,6,"$1,720.30"
13949,United Kingdom,6,"$2,427.32"
15107,United Kingdom,6,$319.50
14898,United Kingdom,6,"$1,303.52"
12947,United Kingdom,6,"$1,603.99"
15811,United Kingdom,6,"$2,218.62"
17602,United Kingdom,6,"$5,102.97"
14422,United Kingdom,6,"$4,263.64"
16989,United Kingdom,6,"$1,133.25"
12856,United Kingdom,6,"$2,179.93"
17109,United Kingdom,6,$885.04
14595,United Kingdom,6,"$1,740.60"
13450,United Kingdom,6,"$2,043.72"
14503,United Kingdom,6,"$3,543.26"
15296,United Kingdom,6,"$3,672.86"
13104,United Kingdom,6,"$1,098.48"
14209,United Kingdom,6,"$2,073.43"
14640,United Kingdom,6,"$2,125.08"
16633,United Kingdom,6,"$2,883.10"
18236,United Kingdom,6,$882.24
13752,United Kingdom,6,"$1,186.28"
17460,United Kingdom,6,$622.43
18260,United Kingdom,6,"$2,643.20"
14530,United Kingdom,6,"$2,925.91"
14409,United Kingdom,6,"$2,059.45"
17284,United Kingdom,6,"$1,652.58"
13717,United Kingdom,6,"$1,445.01"
16419,United Kingdom,6,$972.23
13456,United Kingdom,6,"$1,766.72"
16790,United Kingdom,6,"$1,545.62"
17612,United Kingdom,6,"$2,048.45"
14404,United Kingdom,6,"$1,474.32"
18179,United Kingdom,6,"$1,793.17"
17682,United Kingdom,6,"$2,474.33"
18097,United Kingdom,6,"$2,697.80"
16500,United Kingdom,6,$400.86
16899,United Kingdom,6,"$1,281.56"
16173,United Kingdom,6,"$1,418.32"
16918,United Kingdom,6,"$1,068.82"
14515,United Kingdom,6,"$2,102.09"
17236,United Kingdom,6,$916.13
13317,United Kingdom,6,"$2,273.68"
14078,United Kingdom,6,"$1,049.37"
14210,United Kingdom,6,"$1,905.84"
17673,United Kingdom,6,"$1,629.12"
16655,United Kingdom,6,"$3,794.52"
16949,United Kingdom,6,"$1,286.27"
18180,United Kingdom,6,"$1,843.75"
13208,United Kingdom,6,"$1,223.90"
12919,United Kingdom,6,"$1,335.19"
14312,United Kingdom,6,"$1,611.59"
12753,Japan,6,"$21,429.39"
12528,Germany,6,"$1,933.48"
15755,United Kingdom,6,"$2,364.25"
15220,United Kingdom,6,"$1,778.96"
16327,United Kingdom,6,"$3,844.22"
14101,United Kingdom,6,"$5,976.79"
15996,United Kingdom,6,"$1,060.68"
13988,United Kingdom,6,"$4,147.96"
16306,United Kingdom,6,$632.27
17519,United Kingdom,6,"$1,844.02"
14434,United Kingdom,6,"$1,372.80"
17214,United Kingdom,6,"$1,069.12"
15038,United Kingdom,6,$705.49
14315,United Kingdom,6,"$2,481.13"
17386,United Kingdom,6,"$2,686.42"
18139,United Kingdom,6,"$8,438.34"
18210,United Kingdom,6,"$2,621.38"
13782,United Kingdom,6,$912.00
16915,United Kingdom,6,$621.68
16131,United Kingdom,6,"$3,506.54"
16059,United Kingdom,6,"$1,459.86"
14289,United Kingdom,6,$911.26
14482,United Kingdom,6,"$2,068.15"
16877,United Kingdom,6,$853.72
12721,France,6,"$2,656.13"
15203,United Kingdom,6,"$1,827.80"
17203,United Kingdom,6,"$3,563.85"
17007,United Kingdom,6,$889.93
14639,United Kingdom,6,"$2,984.49"
15172,United Kingdom,5,"$1,624.05"
15227,United Kingdom,5,"$1,219.40"
18069,United Kingdom,5,"$2,036.67"
17869,United Kingdom,5,$428.18
15288,United Kingdom,5,"$2,306.52"
15812,United Kingdom,5,"$1,801.14"
16085,United Kingdom,5,$981.51
14129,United Kingdom,5,"$1,123.86"
12823,United Kingdom,5,"$1,759.50"
13079,United Kingdom,5,$220.10
13984,United Kingdom,5,$920.51
14931,Channel Islands,5,"$1,257.68"
12451,Switzerland,5,"$9,035.52"
14146,United Kingdom,5,"$4,191.00"
17754,United Kingdom,5,"$1,772.26"
16086,United Kingdom,5,"$1,121.39"
17516,United Kingdom,5,$768.08
15569,United Kingdom,5,"$1,375.71"
14447,United Kingdom,5,"$1,163.23"
13941,United Kingdom,5,"$5,112.96"
14546,United Kingdom,5,"$2,578.09"
13860,United Kingdom,5,"$1,245.90"
17348,United Kingdom,5,"$1,159.52"
15881,United Kingdom,5,$501.39
18135,United Kingdom,5,$681.91
14077,United Kingdom,5,$499.42
13748,United Kingdom,5,$948.25
14978,United Kingdom,5,"$1,931.42"
14290,United Kingdom,5,"$2,314.65"
13265,United Kingdom,5,"$2,107.66"
17770,United Kingdom,5,"$1,143.27"
13875,United Kingdom,5,"$1,786.79"
14684,United Kingdom,5,"$1,236.28"
12576,Poland,5,"$1,315.83"
13213,United Kingdom,5,"$1,520.58"
16042,United Kingdom,5,"$1,197.27"
13632,United Kingdom,5,"$2,121.27"
16892,United Kingdom,5,$525.54
17131,United Kingdom,5,"$2,463.17"
16628,United Kingdom,5,"$2,188.05"
16748,United Kingdom,5,"$1,515.90"
15434,United Kingdom,5,"$1,041.48"
15815,United Kingdom,5,"$2,100.60"
17059,United Kingdom,5,"$3,095.04"
13118,United Kingdom,5,"$1,197.81"
17873,United Kingdom,5,"$1,859.16"
14102,United Kingdom,5,"$1,360.28"
13593,United Kingdom,5,"$2,037.08"
12502,Spain,5,"$3,723.87"
17522,United Kingdom,5,"$1,070.71"
13309,United Kingdom,5,"$1,456.79"
13495,United Kingdom,5,"$2,044.87"
13092,United Kingdom,5,$477.83
14903,United Kingdom,5,"$2,810.63"
15253,United Kingdom,5,$918.20
16809,United Kingdom,5,$914.69
16875,United Kingdom,5,"$2,095.53"
12749,United Kingdom,5,"$4,090.88"
12613,Germany,5,"$3,344.38"
16235,United Kingdom,5,$867.31
15605,United Kingdom,5,"$1,198.23"
12444,Norway,5,"$5,005.46"
18161,United Kingdom,5,"$1,618.69"
17410,United Kingdom,5,"$1,214.72"
14035,United Kingdom,5,"$1,428.02"
18221,United Kingdom,5,"$1,041.61"
13658,United Kingdom,5,"$2,639.17"
12654,Germany,5,$601.98
17470,United Kingdom,5,"$1,125.07"
12457,Switzerland,5,"$1,970.53"
17966,United Kingdom,5,"$1,098.43"
16550,United Kingdom,5,"$2,298.97"
15208,United Kingdom,5,$870.12
13451,United Kingdom,5,"$2,976.15"
16209,United Kingdom,5,"$2,262.62"
15594,United Kingdom,5,"$1,771.78"
13882,United Kingdom,5,"$1,191.13"
15998,United Kingdom,5,"$3,089.97"
17609,United Kingdom,5,"$1,112.22"
14251,United Kingdom,5,"$2,879.70"
13824,United Kingdom,5,"$1,698.94"
18016,United Kingdom,5,"$1,483.56"
15681,United Kingdom,5,"$1,426.16"
16283,United Kingdom,5,"$1,570.81"
12906,United Kingdom,5,"$2,919.81"
13524,United Kingdom,5,$680.18
12432,Norway,5,"$5,059.32"
13499,United Kingdom,5,"$1,159.11"
15674,United Kingdom,5,"$2,446.60"
15493,United Kingdom,5,"$2,001.80"
16771,United Kingdom,5,"$2,246.81"
16891,United Kingdom,5,$809.70
17593,United Kingdom,5,"$3,927.34"
12670,France,5,"$2,996.05"
16271,United Kingdom,5,"$1,429.24"
13026,United Kingdom,5,$975.36
16438,United Kingdom,5,$798.35
16735,United Kingdom,5,"$2,300.56"
15179,United Kingdom,5,"$2,206.95"
12473,Germany,5,"$3,938.55"
12557,Spain,5,"$11,990.96"
16711,United Kingdom,5,"$1,651.03"
17912,United Kingdom,5,$311.01
18171,United Kingdom,5,"$1,231.31"
16618,United Kingdom,5,"$2,647.59"
12909,United Kingdom,5,"$2,178.67"
14214,United Kingdom,5,"$1,004.38"
13623,United Kingdom,5,$747.78
15380,United Kingdom,5,"$1,690.26"
16566,United Kingdom,5,$614.66
16992,United Kingdom,5,"$1,614.31"
17302,United Kingdom,5,"$1,135.63"
13956,United Kingdom,5,"$1,026.42"
15938,United Kingdom,5,$404.58
14506,United Kingdom,5,"$2,012.17"
15658,United Kingdom,5,"$1,024.10"
14235,United Kingdom,5,"$3,144.86"
16515,United Kingdom,5,"$1,627.13"
15505,United Kingdom,5,"$3,610.96"
13901,United Kingdom,5,"$2,867.20"
13481,United Kingdom,5,"$1,804.56"
14719,United Kingdom,5,"$1,602.13"
15106,United Kingdom,5,"$1,422.52"
15426,United Kingdom,5,"$1,447.39"
14257,United Kingdom,5,"$3,099.72"
17560,United Kingdom,5,$854.95
16225,United Kingdom,5,"$1,096.32"
17085,United Kingdom,5,"$1,566.65"
12408,Belgium,5,"$2,888.55"
12610,Italy,5,"$2,099.54"
14963,United Kingdom,5,"$1,487.80"
16003,United Kingdom,5,"$2,735.37"
17554,United Kingdom,5,"$1,952.45"
13808,United Kingdom,5,"$1,747.66"
12723,France,5,$725.07
16081,United Kingdom,5,"$2,806.90"
15722,United Kingdom,5,"$2,222.56"
14232,United Kingdom,5,"$2,048.07"
13015,United Kingdom,5,"$3,346.28"
14428,United Kingdom,5,"$1,244.83"
14623,United Kingdom,5,$889.25
16395,United Kingdom,5,"$1,486.90"
13883,United Kingdom,5,"$2,674.48"
16726,United Kingdom,5,"$1,382.02"
14665,United Kingdom,5,"$1,835.70"
16750,United Kingdom,5,$623.93
12912,United Kingdom,5,"$1,662.30"
15117,United Kingdom,5,"$1,551.78"
13995,United Kingdom,5,"$1,393.69"
14005,United Kingdom,5,"$2,874.72"
17457,United Kingdom,5,"$1,737.70"
18211,United Kingdom,5,$600.07
12601,Germany,5,$577.06
18239,United Kingdom,5,"$1,561.61"
16770,United Kingdom,5,$770.10
14226,United Kingdom,5,"$2,232.19"
18231,United Kingdom,5,"$2,083.27"
12913,United Kingdom,5,"$2,483.63"
14064,United Kingdom,5,"$1,353.74"
12518,Germany,5,"$2,056.89"
12517,Germany,5,"$2,502.84"
15201,United Kingdom,5,"$1,236.54"
12714,France,5,"$4,708.86"
13313,United Kingdom,5,"$1,555.32"
14673,United Kingdom,5,"$1,736.40"
13719,United Kingdom,5,"$1,041.68"
15785,United Kingdom,5,"$2,328.97"
13634,United Kingdom,5,"$1,575.16"
16172,United Kingdom,5,"$1,140.21"
16150,United Kingdom,5,"$2,053.02"
16321,Australia,5,$373.65
14621,United Kingdom,5,"$1,788.36"
14553,United Kingdom,5,$859.27
15855,United Kingdom,5,$712.24
17930,United Kingdom,5,"$1,740.48"
16153,United Kingdom,5,"$1,824.23"
14321,United Kingdom,5,"$1,530.75"
13575,United Kingdom,5,$732.07
17827,United Kingdom,5,"$1,995.46"
14511,United Kingdom,5,"$1,314.81"
13323,United Kingdom,5,$787.85
16066,United Kingdom,5,"$1,521.87"
18237,United Kingdom,5,$987.10
16709,United Kingdom,5,"$3,029.87"
15240,United Kingdom,5,"$1,706.57"
14047,United Kingdom,5,"$1,308.61"
15081,United Kingdom,5,$504.80
17042,United Kingdom,5,"$1,044.38"
13136,United Kingdom,5,"$2,607.61"
12928,United Kingdom,5,"$2,062.70"
15596,United Kingdom,5,"$1,406.59"
14691,United Kingdom,5,"$2,114.33"
13410,United Kingdom,5,"$1,003.06"
17813,United Kingdom,5,"$1,770.88"
16682,United Kingdom,5,"$1,028.00"
16440,United Kingdom,5,"$3,640.67"
12775,Netherlands,5,"$1,386.04"
14583,United Kingdom,5,"$1,052.55"
17667,United Kingdom,5,"$2,055.51"
15898,United Kingdom,5,"$1,388.88"
16249,United Kingdom,5,"$1,800.07"
13750,United Kingdom,5,"$1,647.26"
17400,United Kingdom,5,"$2,129.96"
13627,United Kingdom,5,"$1,638.47"
17838,United Kingdom,5,"$2,779.30"
13715,United Kingdom,5,"$1,079.34"
12407,Belgium,5,"$1,708.12"
17656,United Kingdom,5,"$1,674.69"
15809,United Kingdom,5,$515.77
12381,Norway,5,"$1,845.31"
16394,United Kingdom,5,"$1,555.34"
12383,Belgium,5,"$1,850.56"
15712,United Kingdom,5,"$1,072.36"
13636,United Kingdom,5,$949.12
14745,United Kingdom,5,"$1,220.26"
12656,France,5,"$4,051.17"
14116,United Kingdom,5,"$1,382.74"
16362,United Kingdom,5,$734.77
15132,United Kingdom,5,$977.93
12520,Germany,5,"$2,634.26"
16128,United Kingdom,5,"$1,880.22"
14748,United Kingdom,5,"$1,415.75"
13141,United Kingdom,5,"$2,388.75"
15267,United Kingdom,5,"$1,717.36"
14498,United Kingdom,5,"$1,957.32"
17469,United Kingdom,5,"$1,870.97"
15858,United Kingdom,5,"$1,438.85"
12782,Portugal,5,"$2,330.92"
13884,United Kingdom,5,$787.60
16907,United Kingdom,5,$981.65
17463,United Kingdom,5,"$1,896.41"
13397,United Kingdom,5,"$1,544.13"
16409,United Kingdom,5,"$2,028.88"
14440,United Kingdom,5,"$2,357.68"
17126,United Kingdom,5,"$1,004.75"
13523,United Kingdom,5,"$3,964.88"
17262,United Kingdom,5,"$1,253.36"
14698,United Kingdom,5,"$1,250.76"
15400,United Kingdom,5,$716.20
15511,United Kingdom,5,$909.23
16456,United Kingdom,5,"$2,158.37"
17054,United Kingdom,5,"$1,356.33"
16258,United Kingdom,5,"$5,203.51"
14493,United Kingdom,5,"$2,383.24"
13107,United Kingdom,4,"$1,531.62"
13681,United Kingdom,4,$827.83
14662,United Kingdom,4,$771.17
15584,United Kingdom,4,$725.11
13203,United Kingdom,4,$869.46
14141,United Kingdom,4,$915.13
13077,United Kingdom,4,$729.27
14111,United Kingdom,4,$692.85
15641,United Kingdom,4,"$1,887.20"
14577,United Kingdom,4,$859.71
15587,United Kingdom,4,$913.68
14504,United Kingdom,4,$673.26
14113,United Kingdom,4,"$1,840.42"
15228,United Kingdom,4,"$3,386.71"
17092,United Kingdom,4,"$1,777.78"
13115,United Kingdom,4,"$2,294.78"
15561,United Kingdom,4,$800.59
16261,United Kingdom,4,$746.83
13555,United Kingdom,4,"$4,149.28"
16126,United Kingdom,4,"$6,287.77"
15618,United Kingdom,4,$776.85
14913,United Kingdom,4,"$1,227.43"
12348,Finland,4,"$1,797.24"
15028,United Kingdom,4,$627.13
17955,United Kingdom,4,$557.30
16660,United Kingdom,4,"$1,267.65"
17700,United Kingdom,4,"$2,534.64"
12728,France,4,$836.33
16232,United Kingdom,4,$990.88
13220,United Kingdom,4,$819.29
12679,France,4,"$1,113.02"
17787,United Kingdom,4,"$1,865.19"
16308,United Kingdom,4,"$2,560.00"
17096,United Kingdom,4,"$1,022.13"
15669,United Kingdom,4,$684.34
15777,United Kingdom,4,"$1,047.11"
17175,United Kingdom,4,"$1,443.69"
17653,United Kingdom,4,"$1,207.56"
13064,United Kingdom,4,"$1,119.49"
13429,United Kingdom,4,"$1,006.80"
14859,United Kingdom,4,"$1,353.74"
14829,United Kingdom,4,$697.55
13277,United Kingdom,4,$258.40
17006,United Kingdom,4,$781.78
14044,United Kingdom,4,$652.82
17738,United Kingdom,4,"$1,879.05"
14565,United Kingdom,4,"$3,099.12"
13301,United Kingdom,4,$618.09
17481,United Kingdom,4,"$1,255.59"
12836,United Kingdom,4,"$2,612.86"
15421,United Kingdom,4,$950.36
14532,United Kingdom,4,$932.85
15031,United Kingdom,4,$668.14
13720,United Kingdom,4,$799.90
13507,United Kingdom,4,"$2,479.16"
14657,United Kingdom,4,$848.22
14609,United Kingdom,4,$601.56
16444,United Kingdom,4,$654.67
15707,United Kingdom,4,$945.58
15756,United Kingdom,4,$532.96
16201,United Kingdom,4,"$1,863.47"
12924,United Kingdom,4,$933.70
15797,United Kingdom,4,"$2,207.40"
16370,United Kingdom,4,"$1,320.56"
16182,United Kingdom,4,"$6,617.65"
12952,United Kingdom,4,"$1,387.79"
12820,United Kingdom,4,$942.34
13240,United Kingdom,4,$663.65
16112,United Kingdom,4,$195.74
15644,United Kingdom,4,$813.00
17088,United Kingdom,4,"$1,991.01"
16938,United Kingdom,4,"$2,736.38"
16205,United Kingdom,4,$761.38
16358,United Kingdom,4,"$2,027.50"
16475,United Kingdom,4,$544.30
16801,United Kingdom,4,"$1,619.73"
17272,United Kingdom,4,"$2,148.63"
15128,United Kingdom,4,"$1,471.00"
15862,United Kingdom,4,$832.88
16341,United Kingdom,4,"$1,971.87"
14049,United Kingdom,4,"$5,681.72"
14293,United Kingdom,4,"$1,046.56"
17515,United Kingdom,4,$639.02
13155,United Kingdom,4,$971.76
17324,United Kingdom,4,$990.23
15062,United Kingdom,4,$987.86
12645,Germany,4,"$1,775.18"
16361,United Kingdom,4,$896.66
16094,United Kingdom,4,"$1,078.23"
14649,United Kingdom,4,"$1,417.29"
14554,United Kingdom,4,"$2,381.04"
13647,United Kingdom,4,"$1,678.12"
12449,Belgium,4,"$4,067.29"
14360,United Kingdom,4,"$2,128.23"
14467,United Kingdom,4,$598.76
15002,United Kingdom,4,"$1,641.76"
14910,United Kingdom,4,$434.35
13928,United Kingdom,4,$464.57
13940,United Kingdom,4,$839.14
14234,United Kingdom,4,$775.46
16342,United Kingdom,4,$322.41
14970,United Kingdom,4,"$1,592.06"
17268,United Kingdom,4,$763.64
14441,United Kingdom,4,"$1,712.89"
15574,United Kingdom,4,$702.25
16728,United Kingdom,4,"$1,054.67"
15411,United Kingdom,4,"$1,358.88"
13200,United Kingdom,4,$870.09
15145,United Kingdom,4,"$1,194.73"
15484,United Kingdom,4,"$3,594.31"
16206,United Kingdom,4,$537.06
13892,United Kingdom,4,$632.97
17720,United Kingdom,4,"$1,195.94"
17648,United Kingdom,4,"$1,797.50"
14224,United Kingdom,4,"$1,050.12"
16470,United Kingdom,4,$762.39
14820,United Kingdom,4,$507.29
13680,United Kingdom,4,"$3,722.42"
17796,United Kingdom,4,$697.90
14198,United Kingdom,4,$701.40
14336,United Kingdom,4,"$1,614.91"
15060,United Kingdom,4,$303.09
14403,United Kingdom,4,"$1,475.81"
17884,United Kingdom,4,$717.45
13644,United Kingdom,4,"$2,624.26"
15608,United Kingdom,4,"$1,093.68"
14844,United Kingdom,4,"$3,189.81"
16062,United Kingdom,4,"$1,153.62"
12463,Belgium,4,"$1,344.78"
13510,United Kingdom,4,"$1,791.56"
12633,Germany,4,"$2,163.98"
17994,United Kingdom,4,$678.49
17350,United Kingdom,4,"$1,286.07"
16120,United Kingdom,4,"$1,309.14"
15407,United Kingdom,4,"$1,056.44"
15199,United Kingdom,4,"$1,268.70"
15679,United Kingdom,4,$781.28
13592,United Kingdom,4,$247.96
14016,EIRE,4,"$4,341.21"
14443,United Kingdom,4,"$1,420.20"
12657,France,4,"$1,643.18"
16005,United Kingdom,4,$615.39
16463,United Kingdom,4,"$1,422.40"
16998,United Kingdom,4,$295.00
15706,United Kingdom,4,"$1,060.56"
12615,France,4,"$2,291.19"
17572,United Kingdom,4,$226.75
14522,United Kingdom,4,$974.54
13247,United Kingdom,4,$501.12
17722,United Kingdom,4,"$2,424.04"
15110,United Kingdom,4,$996.10
17523,United Kingdom,4,$652.74
17702,United Kingdom,4,"$1,824.37"
15745,United Kingdom,4,"$1,094.59"
16621,United Kingdom,4,$813.48
17147,United Kingdom,4,"$1,714.59"
17692,United Kingdom,4,$740.94
12421,Spain,4,$807.04
15920,United Kingdom,4,$167.50
14824,United Kingdom,4,"$1,127.71"
12539,Spain,4,"$5,568.35"
13134,United Kingdom,4,"$1,793.58"
15819,United Kingdom,4,"$1,905.45"
16612,United Kingdom,4,"$1,187.66"
15814,United Kingdom,4,"$1,945.33"
17370,United Kingdom,4,$446.18
14477,United Kingdom,4,"$1,309.60"
15136,United Kingdom,4,"$1,286.70"
16955,United Kingdom,4,$518.67
17075,United Kingdom,4,$834.12
12916,United Kingdom,4,"$3,006.15"
13577,United Kingdom,4,"$1,687.60"
14167,United Kingdom,4,$574.84
14871,United Kingdom,4,$522.38
15983,United Kingdom,4,"$1,475.02"
16295,United Kingdom,4,"$1,328.55"
13489,United Kingdom,4,$449.52
15563,United Kingdom,4,"$1,400.44"
15834,United Kingdom,4,"$2,233.75"
14897,United Kingdom,4,"$1,366.38"
13471,United Kingdom,4,"$2,531.58"
13316,United Kingdom,4,"$5,977.73"
16869,United Kingdom,4,$825.42
12530,Germany,4,"$1,662.28"
16906,United Kingdom,4,$579.77
16224,United Kingdom,4,"$1,295.30"
17062,United Kingdom,4,$538.37
17073,United Kingdom,4,"$1,446.09"
15048,United Kingdom,4,$384.05
13158,United Kingdom,4,"$1,201.06"
16654,United Kingdom,4,$601.27
17883,United Kingdom,4,$671.77
14608,United Kingdom,4,"$1,785.15"
16688,United Kingdom,4,"$1,260.86"
15841,United Kingdom,4,"$1,224.06"
15950,United Kingdom,4,"$1,765.51"
14692,United Kingdom,4,$591.55
15550,United Kingdom,4,$575.63
14297,United Kingdom,4,"$1,305.33"
17299,United Kingdom,4,$669.11
13950,United Kingdom,4,$745.06
14959,United Kingdom,4,$695.42
13865,United Kingdom,4,$501.56
15095,United Kingdom,4,"$1,370.60"
17019,United Kingdom,4,"$1,272.61"
17101,United Kingdom,4,"$1,621.73"
16503,United Kingdom,4,"$1,431.93"
13614,United Kingdom,4,"$1,610.46"
14710,United Kingdom,4,$606.13
14352,United Kingdom,4,"$1,078.96"
17337,United Kingdom,4,"$2,027.87"
15392,United Kingdom,4,"$1,535.53"
13838,United Kingdom,4,$691.73
15810,United Kingdom,4,"$1,391.98"
17571,United Kingdom,4,"$1,498.51"
12937,United Kingdom,4,"$1,504.27"
15625,United Kingdom,4,"$1,534.26"
12845,United Kingdom,4,$354.09
16169,United Kingdom,4,"$1,822.97"
15500,United Kingdom,4,"$1,131.56"
12597,Spain,4,"$3,811.22"
15965,United Kingdom,4,$845.64
15743,United Kingdom,4,$784.46
16637,United Kingdom,4,"$1,154.47"
13147,United Kingdom,4,$712.80
14145,United Kingdom,4,"$3,742.20"
16657,United Kingdom,4,$933.62
16513,United Kingdom,4,$874.59
17585,United Kingdom,4,"$1,133.07"
17849,United Kingdom,4,$605.80
14626,United Kingdom,4,"$2,791.27"
13771,United Kingdom,4,"$2,634.45"
15116,United Kingdom,4,"$1,352.75"
15673,United Kingdom,4,"$2,881.02"
14216,United Kingdom,4,"$1,839.30"
14584,United Kingdom,4,"$1,042.26"
15312,United Kingdom,4,$924.85
16009,United Kingdom,4,$992.71
13735,United Kingdom,4,"$2,885.24"
16007,United Kingdom,4,"$1,701.94"
16122,United Kingdom,4,$684.42
15108,European Community,4,"$1,300.25"
14758,United Kingdom,4,"$1,484.06"
13813,Germany,4,"$1,366.86"
15530,United Kingdom,4,"$1,502.35"
15704,United Kingdom,4,"$2,293.62"
17828,Malta,4,"$1,820.09"
17043,United Kingdom,4,"$1,735.18"
13925,United Kingdom,4,$678.25
14176,United Kingdom,4,$576.90
12722,France,4,$997.63
12380,Belgium,4,"$2,724.81"
15065,United Kingdom,4,"$3,158.13"
12936,United Kingdom,4,"$1,063.90"
15621,United Kingdom,4,"$1,293.03"
13320,United Kingdom,4,"$1,548.70"
15079,United Kingdom,4,$895.61
18093,United Kingdom,4,"$2,106.52"
14446,United Kingdom,4,"$1,039.58"
17373,United Kingdom,4,$646.92
14715,United Kingdom,4,$867.38
15656,United Kingdom,4,$748.50
17625,United Kingdom,4,"$2,047.00"
14285,United Kingdom,4,"$1,910.01"
13963,United Kingdom,4,$664.54
13145,United Kingdom,4,$618.52
13982,United Kingdom,4,"$1,871.81"
15483,United Kingdom,4,$233.81
13505,Switzerland,4,"$4,393.63"
15624,United Kingdom,4,$588.13
12399,Belgium,4,"$1,108.65"
17856,United Kingdom,4,"$1,418.03"
17929,United Kingdom,4,$843.00
17454,United Kingdom,4,$517.53
15394,United Kingdom,4,"$2,183.54"
14121,United Kingdom,4,"$2,780.15"
14173,United Kingdom,4,$450.84
12693,Germany,4,$855.91
13149,United Kingdom,4,"$1,676.06"
17774,United Kingdom,4,"$1,225.41"
15332,Lithuania,4,"$1,661.06"
17633,United Kingdom,4,"$1,324.84"
12724,France,4,"$1,031.41"
16043,United Kingdom,4,$773.99
16806,United Kingdom,4,$801.49
13869,United Kingdom,4,"$3,104.95"
12359,Cyprus,4,"$6,372.58"
13297,United Kingdom,4,"$2,089.85"
13558,United Kingdom,4,$605.06
14837,United Kingdom,4,"$1,649.50"
16539,United Kingdom,4,"$1,388.81"
17204,United Kingdom,4,"$1,564.56"
16350,United Kingdom,4,"$1,116.47"
17816,United Kingdom,4,$36.56
17388,United Kingdom,4,"$1,259.56"
12700,France,4,"$4,939.99"
17526,United Kingdom,4,"$1,195.90"
17345,United Kingdom,4,$537.74
16188,United Kingdom,4,$981.86
16493,United Kingdom,4,"$1,351.63"
15716,United Kingdom,4,"$1,118.81"
12674,France,4,"$1,970.60"
15237,United Kingdom,4,"$1,412.32"
15808,United Kingdom,4,"$3,734.97"
17671,United Kingdom,4,"$1,572.71"
12883,United Kingdom,4,$703.47
17502,United Kingdom,4,$689.10
16676,United Kingdom,4,"$1,592.12"
12695,France,4,$582.10
16203,United Kingdom,4,$592.90
13048,United Kingdom,4,"$1,835.91"
14342,United Kingdom,4,$668.56
13238,United Kingdom,4,$700.73
13285,United Kingdom,4,"$2,709.12"
16389,United Kingdom,4,"$1,382.07"
15367,United Kingdom,4,"$1,877.59"
13167,United Kingdom,4,$791.33
12970,United Kingdom,4,$452.24
15027,United Kingdom,4,"$1,066.15"
13162,United Kingdom,4,"$1,688.29"
13168,United Kingdom,4,"$1,319.19"
15535,United Kingdom,4,$536.40
18079,United Kingdom,4,"$3,651.97"
17552,United Kingdom,4,$930.41
13157,United Kingdom,4,"$1,741.22"
12668,Germany,4,"$3,807.15"
14177,United Kingdom,4,$559.41
15416,United Kingdom,4,"$3,984.32"
14916,United Kingdom,4,"$1,268.98"
15206,United Kingdom,4,$420.30
15952,United Kingdom,4,$806.57
17589,United Kingdom,4,"$2,404.17"
13908,United Kingdom,4,"$2,369.55"
13815,Germany,4,"$4,027.36"
12840,United Kingdom,4,"$2,726.77"
13475,United Kingdom,4,"$1,431.78"
15571,United Kingdom,4,$650.43
13362,United Kingdom,4,"$3,090.74"
15882,United Kingdom,4,$516.36
14045,United Kingdom,4,"$1,659.75"
16696,United Kingdom,4,$657.90
14163,United Kingdom,4,"$2,445.91"
16379,United Kingdom,4,"$2,157.40"
15835,United Kingdom,4,$954.09
18125,United Kingdom,4,"$1,142.99"
12455,Spain,4,$767.96
14842,United Kingdom,4,"$2,824.69"
18145,United Kingdom,4,"$2,861.55"
15701,United Kingdom,4,"$1,542.14"
17905,United Kingdom,4,$800.24
14591,United Kingdom,4,"$1,447.14"
13515,United Kingdom,4,$891.12
17180,United Kingdom,4,$796.03
14233,United Kingdom,4,"$1,462.72"
12480,Germany,4,"$3,281.63"
14273,United Kingdom,4,$559.97
14449,United Kingdom,4,$907.10
16175,United Kingdom,4,"$1,037.59"
12993,United Kingdom,4,$414.76
14655,United Kingdom,4,"$1,932.23"
16045,United Kingdom,4,"$1,340.70"
17731,United Kingdom,4,"$1,240.11"
14805,United Kingdom,4,$554.65
13159,United Kingdom,4,"$1,437.85"
18232,United Kingdom,4,$592.97
14790,United Kingdom,4,$745.06
12680,France,4,$862.81
18242,United Kingdom,4,"$2,232.49"
16833,United Kingdom,4,"$1,106.53"
18173,United Kingdom,4,"$2,106.84"
16774,United Kingdom,4,$661.52
16816,United Kingdom,4,$417.06
12364,Belgium,4,"$1,313.10"
17979,United Kingdom,4,$757.71
17921,United Kingdom,4,$826.52
13835,United Kingdom,4,$834.57
17527,United Kingdom,4,$939.37
17812,United Kingdom,4,$732.16
13196,United Kingdom,4,"$1,797.78"
15022,United Kingdom,4,$905.04
18178,United Kingdom,4,"$1,590.81"
16469,United Kingdom,4,$650.43
15532,United Kingdom,4,"$1,580.93"
12393,Australia,4,"$1,582.60"
12997,United Kingdom,4,"$1,226.89"
13895,United Kingdom,4,"$2,593.07"
15197,United Kingdom,3,"$1,079.61"
17461,United Kingdom,3,$757.46
14383,United Kingdom,3,"$1,247.69"
15215,United Kingdom,3,$734.94
15549,United Kingdom,3,"$1,693.26"
14229,United Kingdom,3,"$1,547.20"
13282,United Kingdom,3,"$1,132.14"
16324,United Kingdom,3,$428.68
15759,United Kingdom,3,$253.04
16015,United Kingdom,3,$705.39
15676,United Kingdom,3,"$3,435.76"
12942,United Kingdom,3,$683.90
18188,United Kingdom,3,"$2,001.04"
18130,United Kingdom,3,"$1,059.39"
14856,United Kingdom,3,"$1,311.38"
16139,United Kingdom,3,$635.41
14127,United Kingdom,3,$709.71
12754,Japan,3,"$3,010.74"
14126,United Kingdom,3,$706.13
17002,United Kingdom,3,"$1,493.73"
17917,United Kingdom,3,$341.28
15053,United Kingdom,3,$697.79
15980,United Kingdom,3,"$2,398.86"
16885,United Kingdom,3,$471.51
13486,United Kingdom,3,"$1,122.41"
14500,United Kingdom,3,$356.85
16303,United Kingdom,3,"$5,360.63"
18259,United Kingdom,3,"$2,338.60"
13517,United Kingdom,3,"$2,128.42"
16997,United Kingdom,3,$702.00
14930,Channel Islands,3,"$2,372.86"
17371,United Kingdom,3,$423.89
17564,United Kingdom,3,$454.01
13502,United Kingdom,3,$292.00
16325,United Kingdom,3,$594.24
17320,United Kingdom,3,"$1,200.62"
16174,United Kingdom,3,"$1,009.55"
13802,United Kingdom,3,"$4,599.42"
13376,United Kingdom,3,"$1,019.76"
16755,United Kingdom,3,"$1,496.83"
15865,United Kingdom,3,$895.13
16759,United Kingdom,3,$789.79
15245,United Kingdom,3,"$2,515.84"
12640,France,3,"$1,174.58"
12994,United Kingdom,3,$974.42
13591,United Kingdom,3,"$1,117.13"
15113,United Kingdom,3,"$3,609.33"
13492,Switzerland,3,"$1,269.84"
15306,United Kingdom,3,"$1,174.35"
16279,United Kingdom,3,"$1,509.58"
14836,United Kingdom,3,$102.45
16940,United Kingdom,3,"$3,049.88"
15768,United Kingdom,3,$621.83
17047,United Kingdom,3,"$1,100.90"
12541,Spain,3,$981.18
12526,Germany,3,"$1,316.66"
13389,United Kingdom,3,$797.96
13487,United Kingdom,3,$575.40
17024,United Kingdom,3,$95.85
15009,United Kingdom,3,"$1,261.78"
15577,United Kingdom,3,$258.88
13212,United Kingdom,3,$788.08
16851,United Kingdom,3,$342.45
12609,Germany,3,"$1,126.85"
17886,United Kingdom,3,$899.61
13666,United Kingdom,3,$84.65
17083,United Kingdom,3,"$1,405.78"
13038,United Kingdom,3,$908.46
14223,United Kingdom,3,$991.13
14277,France,3,"$4,216.20"
14418,United Kingdom,3,"$1,937.25"
12620,France,3,"$1,339.41"
14276,United Kingdom,3,"$1,119.74"
17980,United Kingdom,3,$811.45
16478,United Kingdom,3,$331.00
18081,United Kingdom,3,$343.45
15456,United Kingdom,3,$447.22
13894,United Kingdom,3,$564.62
16418,United Kingdom,3,$675.27
13310,United Kingdom,3,"$1,132.03"
15440,United Kingdom,3,$383.68
13314,United Kingdom,3,$775.94
17025,United Kingdom,3,$357.77
13564,United Kingdom,3,"$1,749.02"
13546,United Kingdom,3,$626.99
15485,United Kingdom,3,"$2,575.00"
16023,United Kingdom,3,$719.81
13003,United Kingdom,3,$149.05
16079,United Kingdom,3,"$1,352.00"
18059,United Kingdom,3,$306.46
14592,United Kingdom,3,$570.46
14631,United Kingdom,3,"$1,006.98"
15506,United Kingdom,3,$979.26
18149,United Kingdom,3,$612.08
14700,United Kingdom,3,"$2,235.30"
12811,Portugal,3,$514.85
14305,United Kingdom,3,"$1,858.96"
17573,United Kingdom,3,$380.60
14460,United Kingdom,3,$434.34
13016,United Kingdom,3,$789.89
16900,United Kingdom,3,$887.11
13939,United Kingdom,3,$568.55
17041,United Kingdom,3,"$1,081.57"
18017,United Kingdom,3,$523.00
15754,United Kingdom,3,$458.57
17802,United Kingdom,3,"$1,285.04"
13379,United Kingdom,3,$572.56
13171,United Kingdom,3,$468.41
17095,United Kingdom,3,"$1,324.16"
12370,Cyprus,3,"$3,268.49"
17621,United Kingdom,3,"$1,379.90"
18204,United Kingdom,3,"$1,993.70"
15192,United Kingdom,3,"$1,044.32"
15289,United Kingdom,3,$939.78
15111,United Kingdom,3,"$1,567.48"
15427,United Kingdom,3,"$1,483.14"
14250,United Kingdom,3,"$1,904.05"
13521,United Kingdom,3,"$1,093.65"
16706,United Kingdom,3,$531.35
16164,United Kingdom,3,$822.48
17360,United Kingdom,3,$585.79
16356,United Kingdom,3,$211.77
16369,United Kingdom,3,"$1,553.66"
17736,United Kingdom,3,$377.44
17932,United Kingdom,3,"$1,331.57"
16593,United Kingdom,3,$330.03
17974,United Kingdom,3,$740.79
14681,United Kingdom,3,$498.95
16950,United Kingdom,3,"$1,178.56"
18273,United Kingdom,3,$204.00
15801,United Kingdom,3,"$1,063.95"
18170,United Kingdom,3,$980.31
13414,United Kingdom,3,"$1,390.50"
16010,United Kingdom,3,$407.50
14731,United Kingdom,3,$380.02
17375,United Kingdom,3,$400.10
12710,Germany,3,"$1,149.02"
16671,United Kingdom,3,"$1,692.27"
17557,United Kingdom,3,$541.46
17406,United Kingdom,3,"$2,200.42"
15675,United Kingdom,3,$323.69
15100,United Kingdom,3,$876.00
16571,United Kingdom,3,"$1,421.69"
13211,United Kingdom,3,"$1,197.42"
17500,United Kingdom,3,"$1,138.00"
12759,Netherlands,3,"$1,531.44"
17950,United Kingdom,3,$482.20
13827,United Kingdom,3,$412.05
13186,United Kingdom,3,"$1,575.89"
17728,United Kingdom,3,"$2,876.01"
12356,Portugal,3,"$2,811.43"
14175,United Kingdom,3,"$3,222.30"
17146,United Kingdom,3,$749.78
17779,United Kingdom,3,$658.57
17361,United Kingdom,3,$488.20
12560,Germany,3,"$2,134.01"
13029,United Kingdom,3,"$1,247.50"
16431,United Kingdom,3,$642.81
15516,United Kingdom,3,$62.43
14463,United Kingdom,3,$529.62
17590,United Kingdom,3,"$1,479.22"
15787,United Kingdom,3,$948.05
15793,United Kingdom,3,$965.61
16520,United Kingdom,3,"$1,046.57"
13662,United Kingdom,3,$897.76
16872,United Kingdom,3,$680.02
15646,United Kingdom,3,$447.64
15050,United Kingdom,3,"$1,782.09"
16927,United Kingdom,3,$543.05
17579,United Kingdom,3,$448.90
16730,United Kingdom,3,$743.11
13461,United Kingdom,3,"$1,445.00"
14798,United Kingdom,3,$173.74
14759,United Kingdom,3,"$1,625.97"
15376,United Kingdom,3,"$1,233.36"
12427,Germany,3,$825.80
12414,Austria,3,$562.41
15582,United Kingdom,3,$682.91
13249,United Kingdom,3,$711.41
13652,United Kingdom,3,"$1,095.08"
15620,United Kingdom,3,"$1,553.18"
13611,United Kingdom,3,"$1,171.80"
13124,United Kingdom,3,"$3,866.33"
15799,United Kingdom,3,$884.14
16639,United Kingdom,3,"$1,257.51"
15643,United Kingdom,3,$664.00
15238,United Kingdom,3,"$1,071.99"
15901,United Kingdom,3,$363.88
13617,United Kingdom,3,$544.18
13606,United Kingdom,3,$280.54
15806,United Kingdom,3,$784.58
15026,United Kingdom,3,$469.00
13873,United Kingdom,3,$389.60
15334,United Kingdom,3,$351.67
14958,United Kingdom,3,$499.68
16221,United Kingdom,3,$864.86
15449,United Kingdom,3,$974.52
15414,United Kingdom,3,$774.90
16464,United Kingdom,3,"$1,314.68"
15781,United Kingdom,3,$345.46
15297,United Kingdom,3,$641.94
18043,United Kingdom,3,$559.51
13280,United Kingdom,3,$814.86
17703,United Kingdom,3,$798.74
14803,United Kingdom,3,$845.55
16040,United Kingdom,3,"$1,313.55"
18136,United Kingdom,3,$784.33
17420,United Kingdom,3,$598.83
14287,United Kingdom,3,$176.63
17550,United Kingdom,3,$267.16
14818,United Kingdom,3,$657.80
16136,United Kingdom,3,$709.38
16233,United Kingdom,3,$536.68
13705,United Kingdom,3,$711.86
17159,United Kingdom,3,"$1,538.88"
14513,United Kingdom,3,$455.59
16378,United Kingdom,3,$362.95
17405,United Kingdom,3,"$1,031.41"
16092,United Kingdom,3,$817.86
16462,United Kingdom,3,$136.00
12999,United Kingdom,3,$455.88
14038,United Kingdom,3,"$1,560.38"
16889,United Kingdom,3,"$1,578.67"
14669,United Kingdom,3,"$1,269.99"
14765,United Kingdom,3,$254.11
13764,United Kingdom,3,"$1,521.76"
14450,United Kingdom,3,$483.25
17734,United Kingdom,3,$700.63
13637,United Kingdom,3,$810.50
13951,United Kingdom,3,$674.45
18035,United Kingdom,3,$730.40
17990,United Kingdom,3,$630.84
13447,United Kingdom,3,"$1,129.14"
14828,United Kingdom,3,"$2,139.76"
14973,United Kingdom,3,"$1,314.45"
12527,Germany,3,$348.71
14971,United Kingdom,3,"$1,116.57"
14616,United Kingdom,3,$406.08
13334,United Kingdom,3,"$3,536.82"
14618,United Kingdom,3,$553.44
16532,United Kingdom,3,"$6,748.80"
12933,United Kingdom,3,$607.53
13900,United Kingdom,3,$740.95
15051,United Kingdom,3,"$1,391.61"
16734,United Kingdom,3,$650.51
15036,United Kingdom,3,$465.55
13344,United Kingdom,3,"$2,543.72"
14133,United Kingdom,3,$605.64
12456,Switzerland,3,"$3,181.04"
15807,United Kingdom,3,$903.90
15533,United Kingdom,3,$807.57
14231,United Kingdom,3,$925.71
13741,United Kingdom,3,$668.43
15122,United Kingdom,3,"$1,633.78"
16110,United Kingdom,3,"$1,337.48"
12360,Austria,3,"$2,662.06"
15525,United Kingdom,3,$825.92
16416,United Kingdom,3,"$1,051.40"
12642,Germany,3,"$1,013.26"
15969,United Kingdom,3,$666.10
16714,United Kingdom,3,"$1,161.53"
13373,United Kingdom,3,"$3,312.25"
16020,United Kingdom,3,$851.01
13722,United Kingdom,3,"$2,375.41"
13848,United Kingdom,3,"$1,255.00"
16960,United Kingdom,3,$507.05
13318,United Kingdom,3,$640.76
17179,United Kingdom,3,$711.79
17312,United Kingdom,3,$644.30
18202,United Kingdom,3,"$1,396.99"
16298,United Kingdom,3,$598.20
14359,United Kingdom,3,$912.18
16157,United Kingdom,3,$656.69
16037,United Kingdom,3,$855.02
17545,United Kingdom,3,$645.96
17483,United Kingdom,3,$414.04
17351,United Kingdom,3,$587.15
16099,United Kingdom,3,$731.90
14740,United Kingdom,3,"$1,448.21"
17115,United Kingdom,3,$837.50
13174,United Kingdom,3,"$2,817.03"
17724,United Kingdom,3,"$1,033.00"
16473,United Kingdom,3,$316.11
17817,United Kingdom,3,$387.68
16102,United Kingdom,3,"$1,842.14"
14332,United Kingdom,3,$866.31
17521,United Kingdom,3,$723.21
18235,United Kingdom,3,"$1,796.48"
12798,Japan,3,"$6,977.04"
15907,United Kingdom,3,$967.45
13308,United Kingdom,3,"$1,385.51"
16943,United Kingdom,3,$816.73
15098,United Kingdom,3,"$39,916.50"
18287,United Kingdom,3,"$1,837.28"
12577,France,3,$657.80
16898,United Kingdom,3,$508.81
17892,United Kingdom,3,$244.10
18096,United Kingdom,3,$911.15
14001,United Kingdom,3,"$2,043.08"
16012,United Kingdom,3,"$1,415.29"
14075,United Kingdom,3,$942.26
13425,United Kingdom,3,"$1,624.21"
14720,United Kingdom,3,$663.81
16948,United Kingdom,3,$435.02
15067,United Kingdom,3,"$1,744.76"
16924,United Kingdom,3,$846.75
17282,United Kingdom,3,"$1,703.41"
16034,United Kingdom,3,$437.70
16842,United Kingdom,3,"$1,264.19"
16832,United Kingdom,3,$199.15
16214,United Kingdom,3,"$1,062.75"
13140,United Kingdom,3,$423.72
12412,Denmark,3,"$1,226.88"
17951,United Kingdom,3,"$1,008.54"
13562,United Kingdom,3,"$1,799.33"
15164,United Kingdom,3,$843.05
15680,United Kingdom,3,"$1,333.68"
16226,United Kingdom,3,$255.12
17341,United Kingdom,3,$781.36
15452,United Kingdom,3,$538.73
12649,Germany,3,$623.51
14286,United Kingdom,3,"$4,628.75"
15826,United Kingdom,3,"$1,654.31"
13037,United Kingdom,3,$881.07
12593,France,3,$418.10
16951,United Kingdom,3,"$1,277.75"
17631,United Kingdom,3,$528.33
12488,France,3,"$1,298.66"
17266,United Kingdom,3,$310.64
12409,Switzerland,3,"$11,072.67"
12372,Denmark,3,"$1,298.04"
13533,United Kingdom,3,$270.79
16008,United Kingdom,3,$478.78
15156,United Kingdom,3,$961.49
13516,United Kingdom,3,"$1,389.41"
12891,United Kingdom,3,$331.00
13810,Germany,3,"$1,499.01"
12507,Spain,3,"$1,304.81"
17317,United Kingdom,3,"$2,600.34"
12628,Germany,3,$786.46
17646,United Kingdom,3,"$1,008.39"
15885,United Kingdom,3,$379.35
17398,United Kingdom,3,$653.38
17045,United Kingdom,3,$339.44
17295,United Kingdom,3,$556.95
15032,United Kingdom,3,"$4,959.10"
14006,United Kingdom,3,$962.19
18155,United Kingdom,3,$371.62
17015,United Kingdom,3,"$1,842.56"
16495,United Kingdom,3,$684.41
15399,United Kingdom,3,$815.77
13959,United Kingdom,3,$598.20
16589,United Kingdom,3,$459.24
16442,United Kingdom,3,$616.79
16330,United Kingdom,3,$251.91
15467,United Kingdom,3,$524.88
13846,United Kingdom,3,$865.06
15747,United Kingdom,3,$974.04
17429,United Kingdom,3,$524.92
14535,United Kingdom,3,"$2,864.19"
16762,United Kingdom,3,"$1,501.38"
12669,France,3,"$2,744.03"
17289,United Kingdom,3,$944.41
13643,United Kingdom,3,$519.44
13405,United Kingdom,3,$572.45
16460,United Kingdom,3,$814.72
15181,United Kingdom,3,$689.48
12827,United Kingdom,3,$430.15
14461,United Kingdom,3,"$2,103.06"
12854,United Kingdom,3,"$1,324.50"
13692,United Kingdom,3,"$1,488.32"
17797,United Kingdom,3,$780.43
14125,United Kingdom,3,"$2,740.43"
16357,United Kingdom,3,$658.88
16049,United Kingdom,3,"$1,111.79"
15651,United Kingdom,3,$646.30
17014,United Kingdom,3,$586.33
12885,United Kingdom,3,"$1,175.22"
14779,United Kingdom,3,$386.15
18150,United Kingdom,3,$566.58
13539,United Kingdom,3,$631.34
16511,United Kingdom,3,$950.26
13242,United Kingdom,3,$270.40
15589,United Kingdom,3,$478.53
17198,United Kingdom,3,$692.22
14880,United Kingdom,3,$706.19
16572,United Kingdom,3,"$1,009.60"
14034,United Kingdom,3,$651.82
12787,Netherlands,3,$463.66
14540,United Kingdom,3,$996.26
17158,United Kingdom,3,"$1,266.97"
17588,United Kingdom,3,"$1,240.20"
13500,United Kingdom,3,"$1,166.77"
13772,United Kingdom,3,"$1,132.13"
18167,United Kingdom,3,"$1,384.86"
14161,United Kingdom,3,"$1,110.52"
14737,United Kingdom,3,"$1,164.55"
14385,United Kingdom,3,$202.11
12808,Portugal,3,$483.65
14013,United Kingdom,3,$473.02
16930,United Kingdom,3,$380.55
16014,United Kingdom,3,$662.38
13867,United Kingdom,3,"$1,015.29"
16038,United Kingdom,3,$471.78
17034,United Kingdom,3,$745.52
17580,United Kingdom,3,$215.72
13217,United Kingdom,3,$533.98
13819,United Kingdom,3,"$1,140.35"
15786,United Kingdom,3,"$4,932.20"
17897,United Kingdom,3,$566.60
16041,United Kingdom,3,"$3,166.40"
17076,United Kingdom,3,$841.08
12498,Germany,3,$403.70
15782,United Kingdom,3,"$2,614.74"
15436,United Kingdom,3,"$1,122.53"
15933,United Kingdom,3,"$1,107.46"
12990,United Kingdom,3,$409.50
15749,United Kingdom,3,"$44,534.30"
15321,United Kingdom,3,"$2,748.31"
17830,United Kingdom,3,$398.70
16768,United Kingdom,3,$478.09
15730,United Kingdom,3,"$1,120.88"
17765,United Kingdom,3,$371.88
12697,Sweden,3,$957.59
14775,United Kingdom,3,"$1,011.90"
15329,United Kingdom,3,"$1,049.70"
16496,United Kingdom,3,"$1,599.52"
16866,United Kingdom,3,$207.74
13851,United Kingdom,3,"$2,651.46"
14937,Channel Islands,3,"$1,621.88"
13811,Germany,3,$814.50
15133,United Kingdom,3,$982.42
14823,United Kingdom,3,$321.43
13000,United Kingdom,3,$534.85
12536,France,3,"$12,601.83"
14593,United Kingdom,3,$617.99
13058,United Kingdom,3,$271.40
16245,United Kingdom,3,"$1,413.66"
17616,United Kingdom,3,$571.20
16146,United Kingdom,3,$734.13
14267,United Kingdom,3,"$1,516.24"
18127,United Kingdom,3,$348.73
15831,United Kingdom,3,$801.76
16488,United Kingdom,3,$498.80
15780,United Kingdom,3,$475.28
17048,United Kingdom,3,$925.35
13131,United Kingdom,3,"$1,073.30"
14712,United Kingdom,3,$917.07
17768,United Kingdom,3,"$2,273.18"
17472,United Kingdom,3,$710.29
14019,United Kingdom,3,"$1,421.61"
16804,United Kingdom,3,$536.99
15018,United Kingdom,3,$496.21
14708,United Kingdom,3,"$1,126.37"
13856,United Kingdom,3,$388.50
12429,Denmark,3,"$3,312.42"
16554,United Kingdom,3,$837.10
18263,United Kingdom,3,"$1,213.16"
13427,United Kingdom,3,$582.60
16000,United Kingdom,3,"$12,393.70"
14021,United Kingdom,3,$631.90
14997,United Kingdom,3,$546.20
17444,Canada,3,"$2,940.04"
14475,United Kingdom,3,$925.85
14499,United Kingdom,3,$815.32
14465,United Kingdom,3,"$1,058.62"
14514,United Kingdom,3,"$1,055.35"
15073,United Kingdom,3,"$1,043.41"
15839,United Kingdom,3,"$1,048.49"
13946,United Kingdom,3,$561.57
17440,United Kingdom,3,$186.42
13330,United Kingdom,3,"$1,140.93"
16669,United Kingdom,3,"$1,374.87"
15568,United Kingdom,3,$758.29
17777,United Kingdom,3,$665.86
13055,United Kingdom,3,"$1,214.41"
13812,Germany,3,$539.00
12879,United Kingdom,3,$573.22
14561,United Kingdom,3,"$1,080.76"
17411,United Kingdom,3,$778.94
16551,United Kingdom,3,$922.12
18036,United Kingdom,3,$405.62
16533,United Kingdom,3,"$1,095.56"
14387,United Kingdom,3,"$1,770.56"
17615,United Kingdom,3,$329.60
16969,United Kingdom,3,$650.41
12413,France,3,$758.10
17618,United Kingdom,3,$971.58
14867,United Kingdom,3,$710.28
16317,United Kingdom,3,"$1,341.65"
17759,United Kingdom,3,$834.99
12950,United Kingdom,3,"$1,843.00"
17835,United Kingdom,3,$350.64
16882,United Kingdom,3,$705.12
16807,United Kingdom,3,"$1,121.59"
18062,United Kingdom,3,$720.52
16385,United Kingdom,3,$555.89
17058,United Kingdom,3,"$1,179.89"
17864,United Kingdom,3,$597.50
15157,United Kingdom,3,"$1,936.07"
14529,United Kingdom,3,$620.04
15462,United Kingdom,3,$234.60
15489,United Kingdom,3,"$1,134.28"
17152,United Kingdom,3,"$1,689.50"
13258,United Kingdom,3,$698.58
17064,United Kingdom,3,$859.35
15344,United Kingdom,3,$563.94
14246,United Kingdom,3,"$1,474.06"
17033,United Kingdom,3,"$1,030.14"
18123,United Kingdom,2,$589.44
17928,United Kingdom,2,$212.54
13759,United Kingdom,2,$659.41
15734,United Kingdom,2,"$1,339.45"
13707,United Kingdom,2,$806.41
14912,Italy,2,$867.85
17852,United Kingdom,2,$114.34
14869,United Kingdom,2,$725.70
13655,United Kingdom,2,$932.97
14152,United Kingdom,2,$621.29
13479,United Kingdom,2,$300.95
15985,United Kingdom,2,"$1,142.42"
16140,United Kingdom,2,$725.18
16792,United Kingdom,2,$110.38
16596,United Kingdom,2,$250.15
17374,United Kingdom,2,$495.77
13030,United Kingdom,2,$799.48
16309,United Kingdom,2,$706.57
16343,United Kingdom,2,$370.48
16584,United Kingdom,2,$936.08
18217,United Kingdom,2,$621.75
17035,United Kingdom,2,$433.53
12897,United Kingdom,2,$216.50
14672,United Kingdom,2,$765.55
15545,United Kingdom,2,$292.72
14195,United Kingdom,2,"$1,012.00"
15869,United Kingdom,2,$149.64
12493,France,2,$433.74
18080,United Kingdom,2,"$1,231.50"
15272,United Kingdom,2,$721.94
13931,United Kingdom,2,"$1,237.53"
16352,United Kingdom,2,$494.44
14104,United Kingdom,2,$216.21
12556,Spain,2,$603.71
13669,United Kingdom,2,$218.55
15381,United Kingdom,2,$596.85
14338,United Kingdom,2,$588.22
17384,United Kingdom,2,$336.40
15330,United Kingdom,2,$714.96
12434,Australia,2,$806.14
13363,United Kingdom,2,$992.50
17764,United Kingdom,2,$818.82
13236,United Kingdom,2,$744.85
12925,United Kingdom,2,$694.05
17489,United Kingdom,2,$376.64
14891,United Kingdom,2,$554.38
12673,Germany,2,$610.52
18121,United Kingdom,2,$673.10
13816,Germany,2,$571.67
15088,United Kingdom,2,"$1,160.07"
15355,United Kingdom,2,$277.05
14716,United Kingdom,2,$329.68
13032,United Kingdom,2,"$1,010.18"
13452,United Kingdom,2,$590.00
15877,United Kingdom,2,$493.28
17181,United Kingdom,2,$239.92
15665,United Kingdom,2,"$2,242.01"
16367,United Kingdom,2,$804.49
15124,United Kingdom,2,$184.19
16555,United Kingdom,2,$285.89
14770,United Kingdom,2,$876.42
15353,United Kingdom,2,$777.02
17311,United Kingdom,2,"$1,384.85"
18261,United Kingdom,2,$324.24
14495,United Kingdom,2,$123.80
17708,United Kingdom,2,$267.08
13470,United Kingdom,2,$165.00
17329,United Kingdom,2,$523.11
16163,United Kingdom,2,$856.60
17026,United Kingdom,2,$154.83
15054,United Kingdom,2,$302.10
16405,United Kingdom,2,$167.25
13656,United Kingdom,2,$379.65
13276,United Kingdom,2,$590.93
16399,United Kingdom,2,$408.57
17084,United Kingdom,2,"$2,949.75"
14594,United Kingdom,2,$379.83
13659,United Kingdom,2,"$1,573.20"
14245,United Kingdom,2,"$1,693.45"
17964,United Kingdom,2,$471.70
13978,United Kingdom,2,$196.79
13460,United Kingdom,2,$183.44
15163,United Kingdom,2,$304.47
12781,Czech Republic,2,$826.74
13649,United Kingdom,2,$346.60
16690,United Kingdom,2,$225.58
15497,United Kingdom,2,"$1,262.20"
16386,United Kingdom,2,$317.20
18034,United Kingdom,2,$422.88
12450,Spain,2,$197.88
15912,United Kingdom,2,$264.62
16519,United Kingdom,2,$215.08
18189,United Kingdom,2,"$1,090.24"
13207,United Kingdom,2,$250.26
18252,United Kingdom,2,$526.67
12545,Spain,2,"$1,000.39"
16766,United Kingdom,2,"$1,145.60"
13601,United Kingdom,2,$693.32
13531,United Kingdom,2,$483.80
16778,United Kingdom,2,$245.94
13548,United Kingdom,2,$682.41
12940,United Kingdom,2,$913.54
17691,United Kingdom,2,$290.40
16091,United Kingdom,2,$315.06
17991,United Kingdom,2,$93.35
12794,Portugal,2,$860.41
14865,United Kingdom,2,$52.20
12552,Italy,2,$437.82
14813,United Kingdom,2,$155.43
16777,United Kingdom,2,$226.35
18282,United Kingdom,2,$178.05
16518,United Kingdom,2,$484.32
13083,United Kingdom,2,$303.75
17358,United Kingdom,2,$365.85
16561,United Kingdom,2,$511.12
13192,United Kingdom,2,$911.94
12590,Germany,2,"$9,864.26"
14984,United Kingdom,2,$213.27
18142,United Kingdom,2,"$1,019.52"
16479,United Kingdom,2,$300.83
16239,United Kingdom,2,$414.20
15146,United Kingdom,2,"$1,327.16"
17737,United Kingdom,2,$168.24
14150,United Kingdom,2,$658.64
15398,United Kingdom,2,"$1,345.53"
13525,United Kingdom,2,$628.78
16546,United Kingdom,2,$787.15
18248,United Kingdom,2,$804.02
13673,United Kingdom,2,$396.92
16185,United Kingdom,2,$529.41
15863,United Kingdom,2,$68.84
14567,United Kingdom,2,"$1,530.36"
16836,United Kingdom,2,$251.87
18071,United Kingdom,2,$453.00
15422,United Kingdom,2,$97.70
15630,United Kingdom,2,"$1,186.35"
17637,United Kingdom,2,$547.06
17391,United Kingdom,2,$508.80
18246,United Kingdom,2,$596.10
12375,Finland,2,$457.50
14138,United Kingdom,2,$982.38
13165,United Kingdom,2,"$1,021.48"
13821,United Kingdom,2,$385.64
17783,United Kingdom,2,$283.47
15121,United Kingdom,2,$457.72
16441,United Kingdom,2,$381.20
16835,United Kingdom,2,$180.85
12739,United Arab Emirates,2,"$1,013.04"
15649,United Kingdom,2,$816.00
13455,United Kingdom,2,"$1,058.34"
13954,United Kingdom,2,$439.92
14501,United Kingdom,2,$251.21
16644,United Kingdom,2,$833.78
15230,United Kingdom,2,$429.60
14448,United Kingdom,2,$375.35
15393,United Kingdom,2,$231.86
14037,United Kingdom,2,$147.20
14050,United Kingdom,2,$746.36
16986,United Kingdom,2,"$1,873.20"
17029,United Kingdom,2,$716.00
17772,United Kingdom,2,$182.77
14918,United Kingdom,2,"$1,610.15"
16916,United Kingdom,2,$576.26
16552,United Kingdom,2,$379.73
14754,United Kingdom,2,$638.05
14020,United Kingdom,2,$642.80
16036,United Kingdom,2,$758.92
16134,United Kingdom,2,$618.09
15690,United Kingdom,2,$239.76
16897,United Kingdom,2,$289.78
17235,United Kingdom,2,$550.06
16968,United Kingdom,2,$439.43
16189,United Kingdom,2,$215.48
13224,United Kingdom,2,"$2,155.95"
13672,United Kingdom,2,$186.39
16838,United Kingdom,2,$588.85
14644,United Kingdom,2,$830.76
14882,United Kingdom,2,$589.70
12865,Austria,2,"$1,568.23"
15918,United Kingdom,2,$334.23
13046,United Kingdom,2,$629.31
12908,United Kingdom,2,$750.00
13365,United Kingdom,2,"$2,225.37"
14920,United Kingdom,2,$977.77
13711,United Kingdom,2,$252.06
15654,United Kingdom,2,$922.53
14857,United Kingdom,2,"$1,173.12"
17658,United Kingdom,2,$595.42
14548,United Kingdom,2,$652.80
17339,United Kingdom,2,$243.36
15894,United Kingdom,2,$263.55
14520,United Kingdom,2,$270.60
17387,United Kingdom,2,$784.11
13754,United Kingdom,2,$282.60
12895,United Kingdom,2,$372.80
12435,Denmark,2,"$7,829.89"
16449,United Kingdom,2,$707.69
13822,United Kingdom,2,$632.00
13476,United Kingdom,2,"$1,238.47"
16322,United Kingdom,2,$326.75
15246,United Kingdom,2,$514.15
17540,United Kingdom,2,$578.90
15636,United Kingdom,2,$724.76
14108,United Kingdom,2,$597.91
16160,United Kingdom,2,"$1,025.44"
13589,United Kingdom,2,$379.65
17711,United Kingdom,2,$385.10
13431,United Kingdom,2,"$1,269.10"
15522,United Kingdom,2,$398.84
14346,United Kingdom,2,"$1,021.58"
12377,Switzerland,2,"$1,628.12"
17664,United Kingdom,2,$604.64
15012,United Kingdom,2,$423.04
16250,United Kingdom,2,$389.44
12546,Spain,2,"$1,161.50"
18030,United Kingdom,2,$230.65
16212,United Kingdom,2,$690.34
16653,United Kingdom,2,"$1,212.66"
16698,United Kingdom,2,"$1,998.00"
18196,United Kingdom,2,$689.13
14517,United Kingdom,2,$330.45
17931,United Kingdom,2,$408.36
14154,United Kingdom,2,"$1,345.62"
12547,Spain,2,$207.80
12386,Australia,2,$401.90
13040,United Kingdom,2,$676.99
13929,United Kingdom,2,$842.65
14396,United Kingdom,2,$487.99
14023,United Kingdom,2,$584.07
16788,United Kingdom,2,$597.48
17119,United Kingdom,2,$606.91
13283,United Kingdom,2,$93.66
18156,United Kingdom,2,$734.94
13493,Switzerland,2,$618.63
12589,France,2,$646.68
15653,United Kingdom,2,$877.44
13885,United Kingdom,2,$506.80
14853,United Kingdom,2,$475.80
17250,United Kingdom,2,$384.52
13657,United Kingdom,2,$382.14
17786,United Kingdom,2,$278.74
17166,United Kingdom,2,$206.34
15573,United Kingdom,2,$607.45
18005,United Kingdom,2,$249.72
16208,United Kingdom,2,$664.26
16603,United Kingdom,2,$482.47
13791,United Kingdom,2,"$1,516.00"
12886,United Kingdom,2,"$1,378.40"
12559,Germany,2,$561.71
12758,Portugal,2,"$2,791.59"
16119,United Kingdom,2,$423.36
12358,Austria,2,"$1,168.06"
17194,United Kingdom,2,$262.62
14597,United Kingdom,2,$883.15
17080,United Kingdom,2,$287.62
16368,United Kingdom,2,$497.43
14193,United Kingdom,2,$853.39
17900,United Kingdom,2,$112.20
14306,United Kingdom,2,"$2,093.32"
15103,United Kingdom,2,$703.36
12832,United Kingdom,2,$383.03
15526,United Kingdom,2,$148.44
14985,United Kingdom,2,$296.75
12585,Germany,2,"$2,040.10"
13726,United Kingdom,2,"$1,079.66"
12512,Israel,2,$138.03
13731,United Kingdom,2,$610.59
14555,United Kingdom,2,$324.14
13718,United Kingdom,2,$306.55
12857,United Kingdom,2,"$1,106.40"
15757,United Kingdom,2,$714.42
17446,United Kingdom,2,$120.90
16070,United Kingdom,2,$852.15
15406,United Kingdom,2,$510.71
15963,United Kingdom,2,$470.76
13350,United Kingdom,2,$979.12
14128,United Kingdom,2,$637.50
13233,United Kingdom,2,$605.12
16957,United Kingdom,2,$416.64
16411,United Kingdom,2,$214.65
17969,United Kingdom,2,$228.20
17004,United Kingdom,2,"$1,412.94"
15829,United Kingdom,2,$636.14
13005,United Kingdom,2,$513.70
12991,United Kingdom,2,$503.76
18024,United Kingdom,2,$389.78
13817,Germany,2,$382.98
14628,United Kingdom,2,$671.96
13930,United Kingdom,2,$337.34
13918,United Kingdom,2,"$1,212.84"
15531,United Kingdom,2,"$2,007.44"
12784,Portugal,2,$574.42
14389,United Kingdom,2,"$1,043.46"
16629,United Kingdom,2,$417.73
17630,United Kingdom,2,$503.60
16828,United Kingdom,2,$128.50
15800,United Kingdom,2,$699.08
14356,United Kingdom,2,$701.23
16855,United Kingdom,2,$328.40
17105,United Kingdom,2,$665.78
14470,United Kingdom,2,$461.19
13566,United Kingdom,2,$874.71
13579,United Kingdom,2,$467.04
13805,United Kingdom,2,$924.60
15889,United Kingdom,2,$446.87
17265,United Kingdom,2,$562.90
15433,United Kingdom,2,$533.30
17749,United Kingdom,2,$674.52
15030,United Kingdom,2,$518.28
15071,United Kingdom,2,$982.07
17397,United Kingdom,2,$696.41
12410,Switzerland,2,$693.33
16414,United Kingdom,2,$126.25
14162,United Kingdom,2,$289.36
17190,United Kingdom,2,$444.74
14624,United Kingdom,2,$225.85
17186,United Kingdom,2,$144.00
15252,United Kingdom,2,$740.78
16667,United Kingdom,2,$570.13
14915,United Kingdom,2,$307.48
12981,United Kingdom,2,$372.22
14788,United Kingdom,2,$679.44
13933,United Kingdom,2,$608.79
13760,United Kingdom,2,$286.79
15813,United Kingdom,2,"$1,303.91"
14819,United Kingdom,2,$272.07
16808,United Kingdom,2,$288.42
13573,United Kingdom,2,$294.40
13473,United Kingdom,2,$422.64
12616,France,2,$713.30
16311,United Kingdom,2,$616.26
12457,Cyprus,2,$392.70
15951,United Kingdom,2,$708.22
15579,United Kingdom,2,$348.60
14539,United Kingdom,2,$537.48
16244,United Kingdom,2,"$1,522.75"
13255,United Kingdom,2,$399.51
14379,United Kingdom,2,$348.10
13563,United Kingdom,2,$777.53
12630,Finland,2,"$1,270.88"
17934,United Kingdom,2,$704.25
17624,United Kingdom,2,$843.48
12452,Switzerland,2,$430.57
15840,United Kingdom,2,$355.56
12438,Norway,2,"$2,906.85"
14496,United Kingdom,2,$538.81
16863,United Kingdom,2,$502.80
14960,United Kingdom,2,$221.27
13368,United Kingdom,2,$623.40
16624,United Kingdom,2,$810.57
14442,Channel Islands,2,"$1,589.82"
14220,United Kingdom,2,$632.40
13955,United Kingdom,2,$322.96
12462,Spain,2,"$1,189.59"
14491,United Kingdom,2,$340.93
15182,United Kingdom,2,$622.85
16573,United Kingdom,2,$663.61
16616,United Kingdom,2,$500.42
13904,United Kingdom,2,$332.64
13899,United Kingdom,2,$388.52
15689,United Kingdom,2,$254.10
17018,United Kingdom,2,$920.10
17155,United Kingdom,2,$251.70
12635,Germany,2,"$1,689.18"
14331,United Kingdom,2,$462.66
13792,United Kingdom,2,$195.55
13292,United Kingdom,2,$578.94
14658,United Kingdom,2,$247.15
17555,United Kingdom,2,$483.26
16376,United Kingdom,2,$987.01
15184,United Kingdom,2,$406.76
12458,Switzerland,2,$947.40
12465,Belgium,2,$742.19
15469,United Kingdom,2,$538.55
16716,United Kingdom,2,$901.20
15512,United Kingdom,2,$121.00
14778,United Kingdom,2,$730.86
13569,United Kingdom,2,$373.75
14284,United Kingdom,2,$595.25
13404,United Kingdom,2,$252.49
12572,Germany,2,"$1,020.42"
17704,United Kingdom,2,$885.19
14452,United Kingdom,2,$264.44
15763,United Kingdom,2,"$1,086.92"
17157,United Kingdom,2,$319.00
12755,Japan,2,"$3,811.95"
16354,United Kingdom,2,$395.80
17078,United Kingdom,2,$378.20
17594,United Kingdom,2,$993.18
16852,United Kingdom,2,$144.91
14053,United Kingdom,2,$260.25
12967,United Kingdom,2,"$1,660.90"
15791,United Kingdom,2,"$1,612.69"
17081,United Kingdom,2,$290.16
12793,Portugal,2,$545.48
13952,United Kingdom,2,"$3,251.07"
14164,United Kingdom,2,"$1,631.77"
17321,United Kingdom,2,$700.86
14416,United Kingdom,2,$490.22
15977,United Kingdom,2,"$1,054.73"
16674,United Kingdom,2,$319.61
14320,United Kingdom,2,$477.79
13416,United Kingdom,2,$712.50
15948,United Kingdom,2,$955.24
14264,United Kingdom,2,$333.97
18146,United Kingdom,2,$160.35
18001,United Kingdom,2,$417.23
18154,United Kingdom,2,$399.19
15213,United Kingdom,2,$328.35
12882,United Kingdom,2,"$1,463.04"
15612,United Kingdom,2,$195.15
18160,United Kingdom,2,$638.06
14965,United Kingdom,2,$599.00
12461,Switzerland,2,$826.88
16883,United Kingdom,2,$276.73
16484,United Kingdom,2,$404.30
13396,United Kingdom,2,"$1,360.99"
15384,United Kingdom,2,$642.41
18183,United Kingdom,2,$632.07
17462,United Kingdom,2,$675.69
15366,United Kingdom,2,$602.51
17742,United Kingdom,2,$355.11
14896,United Kingdom,2,$468.77
14481,United Kingdom,2,$636.51
17229,United Kingdom,2,$318.76
17505,United Kingdom,2,"$1,145.84"
16689,United Kingdom,2,$422.60
12646,USA,2,"$1,346.97"
15852,United Kingdom,2,$160.71
18112,United Kingdom,2,$352.69
14987,United Kingdom,2,$326.40
17604,United Kingdom,2,$309.36
13329,United Kingdom,2,$789.00
13028,United Kingdom,2,$661.32
15695,United Kingdom,2,$409.98
12985,United Kingdom,2,"$1,239.38"
17507,United Kingdom,2,$605.58
14904,United Kingdom,2,"$1,025.44"
17695,United Kingdom,2,$765.34
17100,United Kingdom,2,$971.74
13253,United Kingdom,2,"$1,030.40"
16557,United Kingdom,2,$281.85
18087,United Kingdom,2,"$4,055.72"
13261,United Kingdom,2,$944.10
16980,United Kingdom,2,"$1,078.96"
16083,United Kingdom,2,"$1,317.62"
17566,United Kingdom,2,$901.21
14998,United Kingdom,2,$429.87
13837,United Kingdom,2,$271.24
13506,United Kingdom,2,$458.52
15104,United Kingdom,2,"$1,027.44"
16780,United Kingdom,2,$425.19
15232,United Kingdom,2,$612.06
17298,United Kingdom,2,$498.42
12604,France,2,$254.18
14664,United Kingdom,2,$637.89
12508,France,2,$398.27
13430,United Kingdom,2,$679.45
14157,United Kingdom,2,$432.88
17999,United Kingdom,2,$382.06
15648,United Kingdom,2,$657.35
18085,United Kingdom,2,$689.95
13035,United Kingdom,2,$921.88
16402,United Kingdom,2,$299.60
15724,United Kingdom,2,$218.25
12578,Italy,2,"$2,794.51"
18013,United Kingdom,2,$187.29
14427,United Kingdom,2,$363.34
13919,Denmark,2,$384.81
12849,United Kingdom,2,"$1,050.89"
17926,United Kingdom,2,$397.29
16934,United Kingdom,2,$950.93
13868,United Kingdom,2,"$3,192.54"
13085,United Kingdom,2,$416.08
15626,United Kingdom,2,$675.80
17169,United Kingdom,2,$835.78
13023,United Kingdom,2,$689.90
16374,United Kingdom,2,$473.03
15444,United Kingdom,2,"$1,418.26"
14660,United Kingdom,2,$285.74
14412,United Kingdom,2,$770.03
16230,United Kingdom,2,$542.03
15057,United Kingdom,2,"$1,489.50"
17392,United Kingdom,2,$457.91
12689,France,2,"$1,247.61"
16811,United Kingdom,2,$547.07
15850,United Kingdom,2,$238.85
17501,United Kingdom,2,$288.60
17353,United Kingdom,2,"$1,740.00"
13989,United Kingdom,2,"$1,266.08"
17781,United Kingdom,2,$188.02
15990,United Kingdom,2,$792.11
13272,United Kingdom,2,$276.56
13133,United Kingdom,2,$109.80
14512,United Kingdom,2,$275.28
14656,United Kingdom,2,$291.05
12455,Cyprus,2,"$1,698.90"
13787,United Kingdom,2,$309.04
12468,Germany,2,$729.54
18101,United Kingdom,2,$223.65
12596,Spain,2,$618.27
17357,United Kingdom,2,$388.14
16284,United Kingdom,2,$823.97
12816,Poland,2,$572.20
15045,United Kingdom,2,$735.66
14147,United Kingdom,2,$483.40
12701,Germany,2,$797.71
18048,United Kingdom,2,$172.29
13421,United Kingdom,2,"$1,851.08"
17423,United Kingdom,2,$698.41
14479,United Kingdom,2,$316.25
15258,United Kingdom,2,$623.16
16398,United Kingdom,2,"$1,705.80"
13417,United Kingdom,2,$640.83
17082,United Kingdom,2,"$2,003.85"
12829,United Kingdom,2,$293.00
14081,United Kingdom,2,$934.52
13651,United Kingdom,2,$94.20
13736,United Kingdom,2,$731.90
12492,Germany,2,$263.21
12522,Germany,2,$192.72
16884,United Kingdom,2,$429.84
14508,United Kingdom,2,$276.42
14551,United Kingdom,2,$186.23
17436,United Kingdom,2,$216.30
17459,United Kingdom,2,$657.30
13814,Germany,2,"$1,579.12"
12878,United Kingdom,2,$854.99
12422,Australia,2,$386.20
14780,United Kingdom,2,$447.68
16560,United Kingdom,2,$841.41
15822,United Kingdom,2,$885.47
16647,United Kingdom,2,$214.06
13557,United Kingdom,2,$584.06
15897,United Kingdom,2,$222.05
15101,United Kingdom,2,$317.53
15224,United Kingdom,2,$322.08
14697,United Kingdom,2,$188.61
16498,United Kingdom,2,$100.97
16933,United Kingdom,2,$563.23
13169,United Kingdom,2,$712.88
14620,United Kingdom,2,$412.78
13849,United Kingdom,2,"$1,537.95"
12406,Denmark,2,"$3,415.30"
12930,United Kingdom,2,$415.80
17290,United Kingdom,2,$525.24
12987,United Kingdom,2,$558.70
18040,United Kingdom,2,$357.20
14335,Germany,2,$468.26
16723,United Kingdom,2,$589.15
14893,United Kingdom,2,"$1,237.85"
12582,Finland,2,$511.36
12872,United Kingdom,2,$599.97
13761,United Kingdom,2,"$1,070.65"
13248,United Kingdom,2,$465.68
15068,United Kingdom,2,$553.36
17608,United Kingdom,2,$193.42
17163,United Kingdom,2,$293.10
13189,United Kingdom,2,$260.68
13049,United Kingdom,2,$656.68
14354,United Kingdom,2,$163.62
15364,United Kingdom,2,$913.19
14421,United Kingdom,2,$813.11
14784,United Kingdom,2,$289.99
13496,United Kingdom,2,$653.33
12504,Germany,2,$482.05
13402,United Kingdom,2,$621.23
13596,United Kingdom,2,$697.04
13388,United Kingdom,2,$677.10
17414,United Kingdom,2,$778.00
15919,United Kingdom,2,$639.89
14862,United Kingdom,2,$841.20
12717,Greece,2,"$1,030.98"
12625,Germany,2,"$2,683.82"
17595,United Kingdom,2,$388.79
14114,United Kingdom,2,$386.53
17913,United Kingdom,2,$411.60
12842,United Kingdom,2,"$1,118.99"
12735,France,2,$779.57
14067,United Kingdom,2,$374.70
17430,United Kingdom,2,$265.76
12888,United Kingdom,2,$354.12
15198,United Kingdom,2,$193.64
15713,United Kingdom,2,$356.70
17031,United Kingdom,2,$380.35
12815,Poland,2,"$1,063.46"
14947,United Kingdom,2,$290.82
15714,United Kingdom,2,$330.88
14934,Channel Islands,2,"$1,890.94"
16506,United Kingdom,2,$90.30
14651,United Kingdom,2,$654.60
13221,United Kingdom,2,$847.41
14690,United Kingdom,2,$371.70
17256,United Kingdom,2,$240.00
15599,United Kingdom,2,$761.74
12379,Belgium,2,$852.24
14323,United Kingdom,2,$605.06
12653,Israel,2,"$2,209.85"
17679,United Kingdom,2,"$1,992.11"
16446,United Kingdom,2,"$168,472.49"
13917,United Kingdom,2,$272.04
17223,United Kingdom,2,$426.79
16567,United Kingdom,2,$865.60
14785,United Kingdom,2,$77.40
13675,United Kingdom,2,$486.82
15274,United Kingdom,2,$716.57
17432,United Kingdom,2,$365.76
17334,United Kingdom,2,$307.02
14377,United Kingdom,2,$617.05
12371,Switzerland,2,"$1,887.96"
15847,United Kingdom,2,$389.27
15935,United Kingdom,2,$416.86
13565,United Kingdom,2,$240.22
15123,United Kingdom,2,"$2,199.31"
16048,United Kingdom,2,$256.44
17889,United Kingdom,2,$203.87
17277,United Kingdom,2,"$1,065.35"
15494,United Kingdom,2,"$1,299.23"
15244,United Kingdom,2,$631.57
17466,United Kingdom,2,$763.28
14140,United Kingdom,2,$935.05
12762,Portugal,2,"$1,898.52"
18158,United Kingdom,2,$453.40
13223,United Kingdom,2,$163.20
18078,United Kingdom,2,$336.13
12844,United Kingdom,2,$325.96
17425,United Kingdom,2,$759.17
16217,United Kingdom,2,$304.25
13497,United Kingdom,2,$348.05
17362,United Kingdom,2,$312.23
18018,United Kingdom,2,$122.14
13972,United Kingdom,2,$190.25
15139,United Kingdom,2,$178.96
16861,United Kingdom,2,$173.76
13962,United Kingdom,2,$169.55
14242,United Kingdom,2,$280.55
12962,United Kingdom,2,$266.39
15265,United Kingdom,2,"$1,506.12"
17221,United Kingdom,2,$335.13
16634,United Kingdom,2,$217.90
16952,United Kingdom,2,$167.61
17468,United Kingdom,2,$137.00
17854,United Kingdom,2,$311.26
17733,United Kingdom,2,$692.19
12694,France,2,$869.67
18095,United Kingdom,2,$580.05
17237,United Kingdom,2,$314.69
13780,United Kingdom,2,$360.01
17232,United Kingdom,2,$421.52
17537,United Kingdom,2,$897.62
16229,United Kingdom,2,"$1,010.60"
15315,United Kingdom,2,$570.50
13914,United Kingdom,2,$626.45
12535,France,2,$716.35
13434,United Kingdom,2,$534.24
16859,United Kingdom,2,$747.81
17453,United Kingdom,2,$486.72
16747,United Kingdom,2,$836.06
15700,United Kingdom,2,$696.68
12904,United Kingdom,2,$509.58
15349,United Kingdom,2,$473.81
16372,United Kingdom,2,$367.93
15762,United Kingdom,2,$583.75
14815,United Kingdom,2,$778.50
14817,United Kingdom,2,"$1,110.34"
16454,United Kingdom,2,$6.90
16620,United Kingdom,2,$178.96
18064,United Kingdom,2,$814.00
17642,United Kingdom,2,$712.29
16685,United Kingdom,2,$324.24
14768,United Kingdom,2,$192.60
15211,United Kingdom,2,$894.41
17668,United Kingdom,2,$347.75
14256,United Kingdom,2,$969.06
12424,Australia,2,"$1,760.96"
17242,United Kingdom,2,"$1,135.04"
16384,United Kingdom,2,$584.50
14550,United Kingdom,2,$765.62
16018,United Kingdom,2,$408.90
16642,United Kingdom,2,$688.33
14473,United Kingdom,2,$234.34
14905,United Kingdom,2,$616.15
15976,United Kingdom,2,$430.94
17418,United Kingdom,2,$463.46
13453,United Kingdom,2,$356.98
17674,United Kingdom,2,$551.04
16240,United Kingdom,2,"$3,718.80"
16499,United Kingdom,2,$365.45
15468,United Kingdom,2,$467.51
16383,United Kingdom,2,$668.36
12719,France,2,$644.95
14451,United Kingdom,2,$662.59
17255,United Kingdom,2,$298.41
12365,Cyprus,2,$641.38
12431,Belgium,2,$972.78
14921,United Kingdom,2,"$1,316.07"
14261,United Kingdom,2,"$1,163.45"
17771,United Kingdom,2,$245.81
14024,United Kingdom,2,$327.70
15014,United Kingdom,2,$260.17
17898,United Kingdom,2,$152.06
17672,United Kingdom,2,"$3,178.17"
13744,United Kingdom,2,"$1,156.36"
18143,United Kingdom,2,"$1,000.16"
16268,United Kingdom,2,$667.65
12571,France,2,$519.61
17144,United Kingdom,2,$984.57
16080,United Kingdom,2,$217.16
15732,United Kingdom,2,$294.12
12624,France,2,$641.13
14009,United Kingdom,2,$695.61
13294,United Kingdom,2,$873.74
12384,Switzerland,2,$585.27
12944,United Kingdom,2,$604.51
17259,United Kingdom,2,$603.37
12592,Germany,2,$437.60
12876,Belgium,2,"$2,218.02"
16984,United Kingdom,2,"$4,481.35"
17503,United Kingdom,2,$558.96
13420,United Kingdom,2,$159.85
14645,United Kingdom,2,$597.09
16825,United Kingdom,2,$775.18
15287,United Kingdom,2,$486.69
16031,United Kingdom,2,$548.94
17376,United Kingdom,2,$203.20
13544,United Kingdom,2,$291.41
14643,United Kingdom,2,$693.81
14851,United Kingdom,2,$511.35
14272,United Kingdom,2,$437.96
13122,United Kingdom,2,$922.39
16243,United Kingdom,2,$409.10
16364,United Kingdom,2,$707.04
16999,United Kingdom,2,$484.82
18190,United Kingdom,2,$284.46
18270,United Kingdom,2,$283.15
12871,United Kingdom,2,$380.64
16824,United Kingdom,2,$460.64
16200,United Kingdom,2,"$1,080.62"
17707,United Kingdom,2,$152.40
16109,United Kingdom,2,$611.88
12838,United Kingdom,2,$683.13
15239,United Kingdom,2,$780.59
17447,United Kingdom,2,$541.53
17189,United Kingdom,2,$384.40
18218,United Kingdom,2,$662.08
14544,United Kingdom,2,"$2,024.45"
13068,United Kingdom,2,$344.00
17330,United Kingdom,2,$363.90
12516,Germany,2,"$1,312.06"
14995,United Kingdom,2,$233.23
16149,United Kingdom,2,$280.52
15339,United Kingdom,2,$574.07
14236,United Kingdom,2,$490.86
18205,United Kingdom,2,$517.36
16121,United Kingdom,2,$867.11
16427,United Kingdom,2,$241.06
12716,France,2,"$1,053.49"
17935,United Kingdom,2,$145.79
15492,United Kingdom,2,$659.46
13799,United Kingdom,2,$688.86
16313,United Kingdom,2,$274.15
17267,United Kingdom,2,$317.62
14179,United Kingdom,2,$719.78
14682,United Kingdom,2,$52.00
16347,United Kingdom,2,$887.65
15883,United Kingdom,2,$396.48
15205,United Kingdom,2,$653.24
14538,United Kingdom,2,$388.25
12510,Spain,2,$982.57
18147,United Kingdom,2,$179.34
18151,United Kingdom,2,$653.35
13321,United Kingdom,2,$567.36
14761,United Kingdom,2,$255.90
13311,United Kingdom,2,$598.57
14240,United Kingdom,2,$890.34
14570,United Kingdom,2,$218.06
13109,United Kingdom,2,$786.54
17254,United Kingdom,2,$272.44
17134,United Kingdom,2,$425.00
13730,United Kingdom,2,$752.60
14636,United Kingdom,2,$609.85
15661,United Kingdom,2,$309.80
17549,United Kingdom,2,$148.86
18228,United Kingdom,2,$779.90
14029,United Kingdom,2,$467.66
13960,United Kingdom,2,$230.22
17666,United Kingdom,2,$728.16
15223,United Kingdom,2,$755.75
14625,United Kingdom,2,$899.63
15424,United Kingdom,2,$383.34
14002,United Kingdom,2,$529.73
13066,United Kingdom,2,$470.80
15565,United Kingdom,2,$173.16
15429,United Kingdom,2,$397.35
14205,United Kingdom,2,$466.70
17795,United Kingdom,2,$350.39
12397,Belgium,2,"$2,409.90"
13727,United Kingdom,2,$333.48
18265,United Kingdom,2,$801.51
17788,United Kingdom,2,"$1,117.90"
16053,United Kingdom,2,"$1,511.95"
17584,United Kingdom,2,"$1,242.30"
15478,United Kingdom,2,"$1,441.42"
15949,United Kingdom,2,$364.72
13173,United Kingdom,2,$353.65
16253,United Kingdom,2,"$3,683.86"
15967,United Kingdom,2,$418.83
13467,United Kingdom,2,"$1,083.71"
16805,United Kingdom,2,$460.59
17252,United Kingdom,2,$353.86
12875,United Kingdom,2,$343.23
13888,United Kingdom,2,$605.63
16693,United Kingdom,2,$482.01
13823,United Kingdom,2,$957.66
14670,United Kingdom,2,$411.53
12822,United Kingdom,2,$948.88
15872,United Kingdom,2,$360.93
17760,United Kingdom,2,$287.59
15092,United Kingdom,2,$457.81
14855,United Kingdom,2,$645.65
14629,United Kingdom,2,$959.01
17890,United Kingdom,2,$602.09
14875,United Kingdom,2,"$1,465.32"
16692,United Kingdom,2,"$1,276.00"
15402,United Kingdom,2,$626.77
15821,United Kingdom,2,$570.96
17409,United Kingdom,2,$771.85
12915,United Kingdom,2,$363.65
12763,Japan,2,$494.08
17495,United Kingdom,2,$497.56
15186,United Kingdom,2,$411.41
13529,United Kingdom,2,$307.76
17946,United Kingdom,2,$149.58
13034,United Kingdom,2,$642.77
