customerid,country,distinctorders,revenue
12748,United Kingdom,209,33719.73
14911,EIRE,201,143825.06
17841,United Kingdom,124,40991.57
13089,United Kingdom,97,58825.83
14606,United Kingdom,93,12156.65
15311,United Kingdom,91,60767.9
12971,United Kingdom,86,11189.91
14646,Netherlands,73,280206.02
16029,United Kingdom,63,81024.84
13408,United Kingdom,62,28117.04
18102,United Kingdom,60,259657.3
13798,United Kingdom,57,37153.85
14527,United Kingdom,55,8508.82
14156,EIRE,55,117379.63
16422,United Kingdom,51,34684.4
13694,United Kingdom,50,65039.62
15061,United Kingdom,48,54534.14
15039,United Kingdom,47,19914.44
16013,United Kingdom,47,37130.6
17450,United Kingdom,46,194550.79
17949,United Kingdom,45,58510.48
14298,United Kingdom,44,51527.3
15189,United Kingdom,41,16225.39
17961,United Kingdom,39,1296.44
17811,United Kingdom,39,7837.73
17315,United Kingdom,38,6292.26
13199,United Kingdom,38,9817.12
13468,United Kingdom,37,5704.97
12921,United Kingdom,37,16587.09
13767,United Kingdom,37,17220.36
13263,United Kingdom,35,7454.07
16839,United Kingdom,34,16594.35
17389,United Kingdom,34,31833.68
17850,United Kingdom,34,5391.21
16133,United Kingdom,33,14589.04
13777,United Kingdom,33,25977.16
12569,Germany,32,4124.69
15078,United Kingdom,32,9743.11
14735,United Kingdom,32,6065.69
12682,France,31,12288.22
17511,United Kingdom,31,91062.38
17675,United Kingdom,31,20374.28
17677,United Kingdom,30,16363.23
17757,United Kingdom,30,5605.29
12471,Germany,30,19824.05
15159,United Kingdom,30,18641.01
17381,United Kingdom,29,20275.61
17428,United Kingdom,28,17256.85
15005,United Kingdom,28,6316.57
16684,United Kingdom,28,66653.56
12901,United Kingdom,28,17654.54
13098,United Kingdom,28,28882.44
13018,United Kingdom,28,7277.7
16168,United Kingdom,27,3787.6
15498,United Kingdom,27,13316.4
15856,United Kingdom,27,16387.57
15769,United Kingdom,26,56252.72
16525,United Kingdom,26,13027.45
13078,United Kingdom,26,12627.94
13319,United Kingdom,26,10845.55
17243,United Kingdom,26,8676.85
18109,United Kingdom,26,8052.97
18118,United Kingdom,26,5653.82
17581,United Kingdom,25,11045.04
12841,United Kingdom,25,4022.35
12720,Germany,25,5781.73
13534,United Kingdom,25,5870.08
13854,United Kingdom,25,8109.52
14180,United Kingdom,25,4748.52
14667,United Kingdom,25,9241.2
14849,United Kingdom,25,7930.54
13069,United Kingdom,24,4436.12
13102,United Kingdom,24,6424.09
13113,United Kingdom,24,12245.96
14051,United Kingdom,23,15610.39
14056,United Kingdom,23,8214.65
15615,United Kingdom,23,10399.74
16353,United Kingdom,23,6675.71
17857,United Kingdom,23,26879.04
16333,United Kingdom,22,26626.8
16779,United Kingdom,22,10629.72
15358,United Kingdom,22,8347.2
14560,United Kingdom,22,2237.77
12681,France,22,13787.54
12415,Australia,21,124914.53
14688,United Kingdom,21,5630.87
14194,United Kingdom,21,11349.52
13599,United Kingdom,21,5153.67
13668,United Kingdom,21,6363.59
16814,United Kingdom,21,6509.1
16729,United Kingdom,21,7239.92
16931,United Kingdom,21,4604.22
17068,United Kingdom,21,4552.14
16523,United Kingdom,21,9418.47
18041,United Kingdom,21,4183.39
17865,United Kingdom,20,10526.32
18172,United Kingdom,20,7561.68
18229,United Kingdom,20,7276.9
17377,United Kingdom,20,4100.92
16558,United Kingdom,20,8338.49
16033,United Kingdom,20,8816.4
17017,United Kingdom,20,8694.26
16705,United Kingdom,20,14034.99
16672,United Kingdom,20,8134.94
14895,United Kingdom,20,11138.71
13881,United Kingdom,20,17159.52
12621,Germany,20,13689.67
13267,United Kingdom,19,4521.49
14060,United Kingdom,19,6140.42
14031,United Kingdom,19,17286.86
14397,United Kingdom,19,2612.96
15513,United Kingdom,19,14758.22
15838,United Kingdom,19,33643.08
16923,United Kingdom,19,7247.61
16945,United Kingdom,19,4345.5
16161,United Kingdom,19,5575.56
17306,United Kingdom,19,8631.31
17576,United Kingdom,19,3622.68
17735,United Kingdom,19,13110.02
16210,United Kingdom,18,21086.3
16458,United Kingdom,18,3482.74
16746,United Kingdom,18,6697.66
15465,United Kingdom,18,7354.62
15290,United Kingdom,18,7943.22
14562,United Kingdom,18,5074.77
14534,United Kingdom,18,4447.05
13969,United Kingdom,18,9053.94
14085,United Kingdom,18,4448.54
13576,United Kingdom,18,6717.34
13418,United Kingdom,18,6127.43
13004,United Kingdom,18,5655.91
12437,France,18,4951.41
12474,Germany,18,7375.79
12540,Spain,17,13400.24
13050,United Kingdom,17,5836.86
14096,United Kingdom,17,65164.79
14057,United Kingdom,17,6217.96
14702,United Kingdom,17,3292.14
14217,United Kingdom,17,2004.98
15144,United Kingdom,17,6580.44
15044,United Kingdom,17,7700.23
14796,United Kingdom,17,8022.49
15805,United Kingdom,17,5528.48
16745,United Kingdom,17,7194.3
16928,United Kingdom,17,2847.6
16626,United Kingdom,17,4413.1
17706,United Kingdom,17,10504.49
17238,United Kingdom,17,3744.65
18198,United Kingdom,17,5425.56
18241,United Kingdom,17,2073.09
17920,United Kingdom,17,4204.1
18283,United Kingdom,16,2094.88
16592,United Kingdom,16,4113.68
16011,United Kingdom,16,3362.71
16843,United Kingdom,16,10196.57
16904,United Kingdom,16,3754.27
15738,United Kingdom,16,4812.42
15555,United Kingdom,16,4805.17
15187,United Kingdom,16,4777.18
14367,United Kingdom,16,9261.52
14680,United Kingdom,16,28754.11
14543,United Kingdom,16,3630.33
14282,United Kingdom,15,3729.34
14189,United Kingdom,15,4654.08
14135,United Kingdom,15,4690.31
13985,United Kingdom,15,7060.13
13695,United Kingdom,15,2504.13
12931,United Kingdom,15,42055.96
12989,United Kingdom,15,6924.11
13269,United Kingdom,15,5346.23
17404,Sweden,15,31906.82
12709,Germany,15,9736.52
12683,France,15,8476.57
12583,France,15,7281.38
15291,United Kingdom,15,4668.3
15271,United Kingdom,15,2507.07
15046,United Kingdom,15,5213.77
15194,United Kingdom,15,7616.53
15125,United Kingdom,15,11528.48
15640,United Kingdom,15,12515.66
15867,United Kingdom,15,3812.64
15939,United Kingdom,15,6115.01
16713,United Kingdom,15,6923.13
16656,United Kingdom,15,8625.8
16187,United Kingdom,15,6911.44
17346,United Kingdom,15,2676.56
17719,United Kingdom,15,5396.04
17690,United Kingdom,15,4757.95
17611,United Kingdom,15,3984.22
17613,United Kingdom,14,4559.15
17790,United Kingdom,14,1965.55
18223,United Kingdom,14,6484.54
17965,United Kingdom,14,2622.57
18065,United Kingdom,14,2392.83
16607,United Kingdom,14,3347.71
16326,United Kingdom,14,3110.96
17220,United Kingdom,14,3198.25
15955,United Kingdom,14,4416.26
15694,United Kingdom,14,6479.4
15827,United Kingdom,14,1836.09
15547,United Kingdom,14,4954.84
15601,United Kingdom,14,6776.56
12839,United Kingdom,14,5591.42
13230,United Kingdom,14,2806.97
13458,United Kingdom,14,9646.57
13090,United Kingdom,14,8910.82
13756,United Kingdom,14,5189.52
14092,United Kingdom,14,4076.91
14607,United Kingdom,14,16569.5
14191,United Kingdom,13,4684.76
14401,United Kingdom,13,4051.48
14415,United Kingdom,13,5900.28
13709,United Kingdom,13,6328.05
13488,United Kingdom,13,8968.31
14088,United Kingdom,13,50491.81
13871,United Kingdom,13,6403.25
13880,United Kingdom,13,3219.77
13001,United Kingdom,13,9818.82
13013,United Kingdom,13,4810.94
12757,Portugal,13,7857.1
12712,Germany,13,4396.13
12431,Australia,13,5514.67
15611,United Kingdom,13,1591.45
15581,United Kingdom,13,3679.97
15804,United Kingdom,13,4206.39
15719,United Kingdom,13,5045.61
15152,United Kingdom,13,4745.69
15249,United Kingdom,13,6688.46
14709,United Kingdom,13,4921.04
16722,United Kingdom,13,4730.81
16700,United Kingdom,13,5076.55
16701,United Kingdom,13,5398.3
16764,United Kingdom,13,2799.25
16782,United Kingdom,13,2279.9
16393,United Kingdom,13,3046.21
16191,United Kingdom,13,5180.52
16241,United Kingdom,13,2607.87
17975,United Kingdom,13,4488.81
17730,United Kingdom,13,5298.48
17402,United Kingdom,13,2633.85
17419,United Kingdom,12,4226.57
17652,United Kingdom,12,4867.72
17659,United Kingdom,12,2999.46
17954,United Kingdom,12,2332.72
17809,United Kingdom,12,5411.91
17870,United Kingdom,12,1894.35
17858,United Kingdom,12,5155.66
18073,United Kingdom,12,3877.52
18144,United Kingdom,12,2888.75
18225,United Kingdom,12,5509.12
16186,United Kingdom,12,4006.94
16401,United Kingdom,12,4098.32
16553,United Kingdom,12,5719.82
16678,United Kingdom,12,3109.99
17139,United Kingdom,12,10668.47
14733,United Kingdom,12,9585.91
14800,United Kingdom,12,4339.74
14825,United Kingdom,12,2226.91
14866,United Kingdom,12,14389.9
14944,United Kingdom,12,5900.25
15235,United Kingdom,12,2247.51
15298,United Kingdom,12,4799.9
15301,United Kingdom,12,5070.35
15971,United Kingdom,12,4199.85
15854,United Kingdom,12,2974.65
15570,United Kingdom,12,4165.52
15482,United Kingdom,12,11054.96
15502,United Kingdom,12,10384.93
15373,United Kingdom,12,2415.91
12395,Belgium,12,3018.63
12678,France,12,17628.46
12731,France,12,18895.91
12647,Germany,12,3722.82
13094,United Kingdom,12,1927.32
12877,United Kingdom,12,1535.77
13266,United Kingdom,12,3834.26
13148,United Kingdom,12,3707.12
14110,United Kingdom,12,5683.15
14040,United Kingdom,12,3614.92
14062,United Kingdom,12,10464.85
13999,United Kingdom,12,3901.81
13983,United Kingdom,12,2603.43
13552,United Kingdom,12,3740.07
13571,United Kingdom,12,2092.32
13742,United Kingdom,12,3131.02
13784,United Kingdom,11,2462.79
13629,United Kingdom,11,7792.36
13631,United Kingdom,11,3070.42
14032,United Kingdom,11,2975.59
14099,United Kingdom,11,3104.17
14291,United Kingdom,11,3883.25
14132,United Kingdom,11,3586.03
14159,United Kingdom,11,4693.01
14239,United Kingdom,11,2380.85
14462,United Kingdom,11,2004.02
14502,United Kingdom,11,2470.67
13178,United Kingdom,11,5725.47
13268,United Kingdom,11,3214.69
12955,United Kingdom,11,4757.16
13081,United Kingdom,11,28337.38
12662,Germany,11,3849.78
12747,United Kingdom,11,4196.01
12476,Germany,11,6816.42
12500,Germany,11,4257.82
12523,France,11,1789.77
15514,United Kingdom,11,4139.46
15529,United Kingdom,11,3995.23
15251,United Kingdom,11,10484.99
15218,United Kingdom,11,5756.89
15129,United Kingdom,11,3447.4
15058,United Kingdom,11,2124.99
14952,United Kingdom,11,8099.49
15023,United Kingdom,11,6802.76
14810,United Kingdom,11,2087.88
14776,United Kingdom,11,2538.3
14711,United Kingdom,11,2868.8
14713,United Kingdom,11,2666.36
14755,United Kingdom,11,5010.28
16919,United Kingdom,11,2596.45
17001,United Kingdom,11,3989.57
17061,United Kingdom,11,5232.23
16670,United Kingdom,11,4095.9
16767,United Kingdom,11,5580.6
16712,United Kingdom,11,3645.43
16775,United Kingdom,11,1695.66
16818,United Kingdom,11,3349.57
16837,United Kingdom,11,3170.98
16912,United Kingdom,11,2575.38
16145,United Kingdom,11,3799.49
18226,United Kingdom,11,5228.05
18077,United Kingdom,11,2633.01
18092,United Kingdom,11,9068.26
17644,United Kingdom,11,2895.64
17725,United Kingdom,11,3439.08
17716,United Kingdom,11,5655.99
17340,United Kingdom,11,12353.29
17364,United Kingdom,11,4481.18
17231,United Kingdom,10,3174.32
17512,United Kingdom,10,2924.99
17491,United Kingdom,10,3558.87
17651,United Kingdom,10,3945
17799,United Kingdom,10,3055.93
17769,United Kingdom,10,3997.98
17530,United Kingdom,10,2385
18075,United Kingdom,10,2611.75
18055,United Kingdom,10,6784.19
18061,United Kingdom,10,2119.41
18044,United Kingdom,10,2088.6
17940,United Kingdom,10,4106.44
18219,United Kingdom,10,2069.77
16076,United Kingdom,10,2234.73
16293,United Kingdom,10,2248.99
16549,United Kingdom,10,4154.64
16570,United Kingdom,10,3738.4
16407,United Kingdom,10,2126.93
16426,United Kingdom,10,1908.25
16813,United Kingdom,10,1692.98
16794,United Kingdom,10,1222.71
16710,United Kingdom,10,2483.04
16638,United Kingdom,10,1680.72
16985,United Kingdom,10,5464.12
17218,United Kingdom,10,1960.72
17162,United Kingdom,10,1715.46
15024,United Kingdom,10,1661.33
15033,United Kingdom,10,2586.67
15114,United Kingdom,10,2760.56
15150,United Kingdom,10,5314.47
15356,United Kingdom,10,2766.5
15984,United Kingdom,10,2837.67
12490,France,10,5417.93
12362,Belgium,10,5226.23
12481,Germany,10,5596.32
12553,France,10,3692.28
12567,France,10,9401.28
12708,Germany,10,2712.91
12600,Germany,10,2599.04
12594,Italy,10,3338.22
13097,United Kingdom,10,6010.42
13014,United Kingdom,10,3466.28
13047,United Kingdom,10,3237.54
13184,United Kingdom,10,1701.29
13426,United Kingdom,10,3641.32
13324,United Kingdom,10,7121.95
13305,United Kingdom,10,2000.86
14243,United Kingdom,10,2588.77
14227,United Kingdom,10,3350.96
14426,United Kingdom,10,4481.67
13890,United Kingdom,10,1883.81
13491,United Kingdom,10,1215.82
13769,United Kingdom,10,2796.51
13700,United Kingdom,10,2265.12
13704,United Kingdom,9,2308.06
13755,United Kingdom,9,2161.35
13588,United Kingdom,9,2478.95
13911,United Kingdom,9,2580.91
13842,United Kingdom,9,3385.62
14083,United Kingdom,9,1018.43
13993,United Kingdom,9,3466.36
14410,United Kingdom,9,1105.07
14390,United Kingdom,9,4652.82
14395,United Kingdom,9,3507.71
14292,United Kingdom,9,4871.93
14299,United Kingdom,9,3965.62
14309,United Kingdom,9,2352.53
14221,United Kingdom,9,3432.8
14211,United Kingdom,9,2241.1
14258,United Kingdom,9,12669.98
14456,United Kingdom,9,3062.4
14524,United Kingdom,9,1867.68
14525,United Kingdom,9,4332.2
14573,United Kingdom,9,1653.42
14587,United Kingdom,9,1601.14
14704,United Kingdom,9,1546.91
14659,United Kingdom,9,2529.93
13183,United Kingdom,9,3957.78
13021,United Kingdom,9,2616.38
13082,United Kingdom,9,3613.63
12980,United Kingdom,9,7374.9
12584,Italy,9,2338.15
12626,Germany,9,6620.48
12619,Germany,9,3641.24
12705,Germany,9,6868.29
12664,Finland,9,4881.88
12428,Finland,9,7956.46
15544,United Kingdom,9,3546.71
15602,United Kingdom,9,1297.87
15606,United Kingdom,9,2920.16
15622,United Kingdom,9,3709.56
15628,United Kingdom,9,2870.24
15660,United Kingdom,9,1600.86
15687,United Kingdom,9,2993.1
15281,United Kingdom,9,2332.15
15059,United Kingdom,9,1337.72
15021,United Kingdom,9,1914.82
14961,United Kingdom,9,7044.68
14878,United Kingdom,9,1485.54
14901,United Kingdom,9,1421.29
14701,United Kingdom,9,2549.37
17069,United Kingdom,9,2709.7
17071,United Kingdom,9,2429.03
17091,United Kingdom,9,3827.76
16954,United Kingdom,9,2085.08
16942,United Kingdom,9,1920.59
17049,United Kingdom,9,5659.98
16817,United Kingdom,9,1604.75
16359,United Kingdom,9,1750.92
16365,United Kingdom,9,1540.42
16265,United Kingdom,9,5447
16156,United Kingdom,9,3122.04
16019,United Kingdom,9,3786.24
17848,United Kingdom,9,901.2
18008,United Kingdom,9,2116.19
17634,United Kingdom,9,2361.97
17750,United Kingdom,9,1797.57
17800,United Kingdom,9,1199.01
17705,United Kingdom,9,1823.52
17504,United Kingdom,9,2997.03
17293,United Kingdom,9,1875.11
17230,United Kingdom,8,3638.41
17365,United Kingdom,8,4801.56
17368,United Kingdom,8,1912.67
17372,United Kingdom,8,1342.68
17338,United Kingdom,8,6643.93
17314,United Kingdom,8,2527.92
17509,United Kingdom,8,6115.14
17396,United Kingdom,8,7330.8
17696,United Kingdom,8,2285.71
17758,United Kingdom,8,3456.7
17629,United Kingdom,8,1814.12
17528,United Kingdom,8,3628.5
17567,United Kingdom,8,4331.48
17861,United Kingdom,8,2100.8
17837,United Kingdom,8,1593.38
17888,United Kingdom,8,726.05
17894,United Kingdom,8,1119.81
17997,United Kingdom,8,1970.67
18116,United Kingdom,8,1418.03
18257,United Kingdom,8,2337.63
16016,United Kingdom,8,1508.76
16115,United Kingdom,8,1667.97
16180,United Kingdom,8,10254.18
16255,United Kingdom,8,2619.91
16316,United Kingdom,8,2938.91
16910,United Kingdom,8,1510.06
17114,United Kingdom,8,808.62
17173,United Kingdom,8,3766.6
17228,United Kingdom,8,1906.09
17211,United Kingdom,8,2317.22
14730,United Kingdom,8,2005.06
14732,United Kingdom,8,2702.49
14769,United Kingdom,8,10674.75
14808,United Kingdom,8,2741.17
14868,United Kingdom,8,2953.59
15034,United Kingdom,8,4308.61
15134,United Kingdom,8,1387.99
15304,United Kingdom,8,694.4
15214,United Kingdom,8,1661.44
15241,United Kingdom,8,1756.44
15632,United Kingdom,8,3285.31
15527,United Kingdom,8,2429.78
15518,United Kingdom,8,1942.45
15521,United Kingdom,8,3000.2
15410,United Kingdom,8,3450.84
15981,United Kingdom,8,3408.48
15953,United Kingdom,8,1659.38
15910,United Kingdom,8,1232.18
15916,United Kingdom,8,1528.09
15932,United Kingdom,8,2495.87
15860,United Kingdom,8,977.21
15861,United Kingdom,8,3165.36
15845,United Kingdom,8,3711.77
15737,United Kingdom,8,1205.12
15750,United Kingdom,8,2465.48
15696,United Kingdom,8,2736.46
15796,United Kingdom,8,2711.56
12704,Finland,8,2340.84
12417,Belgium,8,3212.8
12423,Belgium,8,1859.31
12464,Belgium,8,1212.05
14936,Channel Islands,8,8137.02
12598,France,8,3023.08
12637,France,8,6021.9
12524,Germany,8,4485.72
12352,Norway,8,2506.04
12779,Poland,8,3981.36
17097,Spain,8,954.42
12483,Sweden,8,2484.98
12963,United Kingdom,8,1856.63
12957,United Kingdom,8,4017.54
12949,United Kingdom,8,4167.22
12939,United Kingdom,8,11581.8
12843,United Kingdom,8,1702.26
12910,United Kingdom,8,3075.04
13093,United Kingdom,8,7832.47
13117,United Kingdom,8,984.91
13126,United Kingdom,8,2099.64
13137,United Kingdom,8,3650.41
13012,United Kingdom,8,1661.84
13209,United Kingdom,8,5891.61
13327,United Kingdom,8,3627.77
13394,United Kingdom,8,2520.02
14505,United Kingdom,8,5905.64
14547,United Kingdom,8,4007.54
14541,United Kingdom,8,1461.65
14472,United Kingdom,8,1936.84
14262,United Kingdom,8,2618.23
14334,United Kingdom,8,2552.21
14341,United Kingdom,8,2182.28
14388,United Kingdom,8,3212.84
14344,United Kingdom,8,889.93
14364,United Kingdom,8,3717.35
13971,United Kingdom,8,2758.26
14030,United Kingdom,8,2360.09
14071,United Kingdom,8,1438.82
13862,United Kingdom,8,2209.36
13870,United Kingdom,8,2770.94
13725,United Kingdom,8,1980.56
13743,United Kingdom,7,1341.6
13758,United Kingdom,7,3190.55
13685,United Kingdom,7,3119.44
13630,United Kingdom,7,2031.78
13610,United Kingdom,7,1131.88
13509,United Kingdom,7,979.72
13549,United Kingdom,7,918.2
13527,United Kingdom,7,2287.51
13536,United Kingdom,7,3448.29
13538,United Kingdom,7,1280.85
13953,United Kingdom,7,3515.68
13804,United Kingdom,7,2635.79
14107,United Kingdom,7,2703.23
14004,United Kingdom,7,4582.64
14414,United Kingdom,7,1496.98
14408,United Kingdom,7,2606.53
14329,United Kingdom,7,5014.84
14112,United Kingdom,7,2915.15
14201,United Kingdom,7,747.44
14178,United Kingdom,7,1620.93
14466,United Kingdom,7,2272.4
14533,United Kingdom,7,1949.72
14653,United Kingdom,7,1947.55
14696,United Kingdom,7,2078.95
14572,United Kingdom,7,2832.84
13384,United Kingdom,7,4151.93
13340,United Kingdom,7,10736.48
13435,United Kingdom,7,3809.89
13437,United Kingdom,7,3408.06
13225,United Kingdom,7,6463.84
13232,United Kingdom,7,1357.6
13139,United Kingdom,7,5064.94
13110,United Kingdom,7,1488.67
12867,United Kingdom,7,4036.82
12935,United Kingdom,7,2160.7
12948,United Kingdom,7,2064.95
12766,Portugal,7,6989.63
12744,Singapore,7,21279.29
12826,United Kingdom,7,1474.72
12433,Norway,7,13375.87
12347,Iceland,7,4310
12627,Germany,7,4478.53
12472,Germany,7,6572.11
12726,France,7,2609.1
12727,France,7,3980.7
12599,France,7,1032.58
12562,France,7,3781.74
12684,France,7,2283.63
12494,France,7,1246.1
15708,United Kingdom,7,3364.24
15727,United Kingdom,7,5178.96
15752,United Kingdom,7,2637.38
15874,United Kingdom,7,4405.88
15903,United Kingdom,7,5126.76
15906,United Kingdom,7,1567.69
15993,United Kingdom,7,2797.57
15974,United Kingdom,7,3442.15
15443,United Kingdom,7,3236.91
15370,United Kingdom,7,2386.05
15379,United Kingdom,7,3703.29
15453,United Kingdom,7,1388.37
15473,United Kingdom,7,1771.2
15572,United Kingdom,7,2552.86
15671,United Kingdom,7,2657.13
15260,United Kingdom,7,1810.77
15299,United Kingdom,7,4507.01
15270,United Kingdom,7,2379.49
15351,United Kingdom,7,1960.11
15365,United Kingdom,7,2314.32
15140,United Kingdom,7,2354.25
15105,United Kingdom,7,2298.93
14854,United Kingdom,7,2759.83
14907,United Kingdom,7,3501.1
14976,United Kingdom,7,790.86
14794,United Kingdom,7,1319.91
14738,United Kingdom,7,1314.45
14739,United Kingdom,7,3902.28
14744,United Kingdom,7,1099.98
17213,United Kingdom,7,2781.23
17188,United Kingdom,7,2474.23
17191,United Kingdom,7,2095.13
17193,United Kingdom,7,1699.3
17164,United Kingdom,7,2467.35
17135,United Kingdom,7,1139.73
17133,United Kingdom,7,4892.24
17090,United Kingdom,7,2043.95
17063,United Kingdom,7,1461.14
16929,United Kingdom,7,1295.39
16966,United Kingdom,7,2154.97
16983,United Kingdom,7,1931.25
16987,United Kingdom,7,1625.05
16905,United Kingdom,7,3102.43
16880,United Kingdom,7,1519.08
16791,United Kingdom,7,1721.78
16652,United Kingdom,7,6773.97
16686,United Kingdom,7,3062.83
16725,United Kingdom,7,781.02
16743,United Kingdom,7,2238.09
16744,United Kingdom,7,1304.76
16719,United Kingdom,7,1790.42
16332,United Kingdom,7,1593.2
16348,United Kingdom,7,1469.45
16434,United Kingdom,7,1522.25
16455,United Kingdom,7,1841.18
16556,United Kingdom,7,3313.79
16609,United Kingdom,7,5493.46
16466,United Kingdom,7,1603.46
16477,United Kingdom,7,2494.46
16474,United Kingdom,7,1871.5
16531,United Kingdom,7,1244.59
16266,United Kingdom,7,861.89
16242,United Kingdom,7,3603.21
16218,United Kingdom,7,3084.68
16098,United Kingdom,7,2005.63
16107,United Kingdom,7,3204.16
15987,United Kingdom,7,1451.28
16057,United Kingdom,7,2263.12
18245,United Kingdom,7,2567.06
18230,United Kingdom,7,2810.2
17937,United Kingdom,7,4301.22
17924,United Kingdom,7,2962.5
17819,United Kingdom,7,3704.87
17988,United Kingdom,7,201.12
18094,United Kingdom,7,3017.3
17562,United Kingdom,7,1122.38
17591,United Kingdom,7,2225.97
17596,United Kingdom,7,2827.93
17663,United Kingdom,7,1802.91
17655,United Kingdom,7,2638.94
17669,United Kingdom,7,3406.72
17739,United Kingdom,7,2791.35
17685,United Kingdom,7,3191.53
17686,United Kingdom,7,5739.46
17412,United Kingdom,7,1258.06
17416,United Kingdom,7,6893.42
17434,United Kingdom,7,2373.82
17449,United Kingdom,7,2520.86
17490,United Kingdom,7,2092.32
17451,United Kingdom,7,1721.4
17323,United Kingdom,7,921.07
17287,United Kingdom,7,1064.11
17288,United Kingdom,7,1419.73
17284,United Kingdom,6,1652.58
17236,United Kingdom,6,916.13
17386,United Kingdom,6,2686.42
17460,United Kingdom,6,622.43
17519,United Kingdom,6,1844.02
17442,United Kingdom,6,2248.56
17426,United Kingdom,6,5037.26
17422,United Kingdom,6,1979.37
17682,United Kingdom,6,2474.33
17676,United Kingdom,6,1387.68
17723,United Kingdom,6,3276.4
17744,United Kingdom,6,2322.4
17673,United Kingdom,6,1629.12
17612,United Kingdom,6,2048.45
17602,United Kingdom,6,5102.97
18097,United Kingdom,6,2697.8
18122,United Kingdom,6,1826.21
18139,United Kingdom,6,8438.34
18037,United Kingdom,6,70.02
17863,United Kingdom,6,3160
17867,United Kingdom,6,1197.1
17874,United Kingdom,6,683.46
18179,United Kingdom,6,1793.17
18180,United Kingdom,6,1843.75
18210,United Kingdom,6,2621.38
18168,United Kingdom,6,1169.94
18177,United Kingdom,6,1341.42
18236,United Kingdom,6,882.24
18260,United Kingdom,6,2643.2
18272,United Kingdom,6,3078.58
16059,United Kingdom,6,1459.86
16103,United Kingdom,6,1429.64
16027,United Kingdom,6,934.62
16131,United Kingdom,6,3506.54
16306,United Kingdom,6,632.27
16173,United Kingdom,6,1418.32
16170,United Kingdom,6,1885.05
16143,United Kingdom,6,2424.94
16184,United Kingdom,6,1158.79
16497,United Kingdom,6,2965.69
16500,United Kingdom,6,400.86
16600,United Kingdom,6,813.52
16419,United Kingdom,6,972.23
16327,United Kingdom,6,3844.22
16360,United Kingdom,6,3512.53
16717,United Kingdom,6,3858.38
16668,United Kingdom,6,306.72
16681,United Kingdom,6,1770.34
16655,United Kingdom,6,3794.52
16633,United Kingdom,6,2883.1
16790,United Kingdom,6,1545.62
16871,United Kingdom,6,2812.34
16873,United Kingdom,6,7123.62
16841,United Kingdom,6,1869.82
16918,United Kingdom,6,1068.82
16915,United Kingdom,6,621.68
16877,United Kingdom,6,853.72
16899,United Kingdom,6,1281.56
16989,United Kingdom,6,1133.25
16996,United Kingdom,6,1456.96
16979,United Kingdom,6,1852
16949,United Kingdom,6,1286.27
17050,United Kingdom,6,3228.84
17007,United Kingdom,6,889.93
17027,United Kingdom,6,890.29
17086,United Kingdom,6,2050.08
17107,United Kingdom,6,10815.43
17109,United Kingdom,6,885.04
17183,United Kingdom,6,3347.31
17160,United Kingdom,6,3518.03
17203,United Kingdom,6,3563.85
17214,United Kingdom,6,1069.12
17227,United Kingdom,6,939.32
14741,United Kingdom,6,1400.34
14766,United Kingdom,6,2473.37
14723,United Kingdom,6,1158.3
14834,United Kingdom,6,1720.3
14841,United Kingdom,6,3295.76
14948,United Kingdom,6,1101.97
14883,United Kingdom,6,761.59
14898,United Kingdom,6,1303.52
14852,United Kingdom,6,2836.69
15038,United Kingdom,6,705.49
15089,United Kingdom,6,2420.84
15093,United Kingdom,6,4597.02
15107,United Kingdom,6,319.5
15296,United Kingdom,6,3672.86
15220,United Kingdom,6,1778.96
15203,United Kingdom,6,1827.8
15491,United Kingdom,6,3100.09
15508,United Kingdom,6,1000.27
15382,United Kingdom,6,5955.71
15996,United Kingdom,6,1060.68
15864,United Kingdom,6,1936.32
15755,United Kingdom,6,2364.25
15764,United Kingdom,6,3279.97
15811,United Kingdom,6,2218.62
12388,Australia,6,2780.66
12685,France,6,2863.08
12691,France,6,1035.8
12643,France,6,3344.64
12721,France,6,2656.13
12477,Germany,6,13219.74
12528,Germany,6,1933.48
12753,Japan,6,21429.39
12778,Netherlands,6,822.23
12828,United Kingdom,6,1018.71
12830,United Kingdom,6,6814.64
13520,Switzerland,6,3624.35
12783,Portugal,6,2225.91
12676,Sweden,6,1331.39
12484,Spain,6,4541.72
12947,United Kingdom,6,1603.99
12951,United Kingdom,6,1064.07
12919,United Kingdom,6,1335.19
12868,United Kingdom,6,1607.06
12856,United Kingdom,6,2179.93
12853,United Kingdom,6,1957.1
13138,United Kingdom,6,962.39
13104,United Kingdom,6,1098.48
13027,United Kingdom,6,6912
13246,United Kingdom,6,1987.3
13198,United Kingdom,6,3401.24
13208,United Kingdom,6,1223.9
13448,United Kingdom,6,3539.37
13450,United Kingdom,6,2043.72
13477,United Kingdom,6,1454.58
13381,United Kingdom,6,3639.31
13317,United Kingdom,6,2273.68
14595,United Kingdom,6,1740.6
14639,United Kingdom,6,2984.49
14640,United Kingdom,6,2125.08
14676,United Kingdom,6,2548.24
14507,United Kingdom,6,1383.18
14515,United Kingdom,6,2102.09
14530,United Kingdom,6,2925.91
14432,United Kingdom,6,2255.51
14434,United Kingdom,6,1372.8
14482,United Kingdom,6,2068.15
14487,United Kingdom,6,1196.33
14503,United Kingdom,6,3543.26
14188,United Kingdom,6,2054.36
14209,United Kingdom,6,2073.43
14210,United Kingdom,6,1905.84
14215,United Kingdom,6,1789.72
14307,United Kingdom,6,2995.72
14312,United Kingdom,6,1611.59
14315,United Kingdom,6,2481.13
14289,United Kingdom,6,911.26
14409,United Kingdom,6,2059.45
14404,United Kingdom,6,1474.32
14407,United Kingdom,6,2157.73
14422,United Kingdom,6,4263.64
14419,United Kingdom,6,1058.06
13975,United Kingdom,6,2526.28
13994,United Kingdom,6,2313.14
13988,United Kingdom,6,4147.96
13991,United Kingdom,6,855.97
14101,United Kingdom,6,5976.79
14078,United Kingdom,6,1049.37
13782,United Kingdom,6,912
13831,United Kingdom,6,2202.99
13949,United Kingdom,6,2427.32
13924,United Kingdom,6,1838.85
13456,United Kingdom,6,1766.72
13590,United Kingdom,6,1981.92
13717,United Kingdom,6,1445.01
13650,United Kingdom,6,1836.34
13654,United Kingdom,6,2707.33
13728,United Kingdom,6,1016.14
13752,United Kingdom,6,1186.28
13715,United Kingdom,5,1079.34
13748,United Kingdom,5,948.25
13750,United Kingdom,5,1647.26
13658,United Kingdom,5,2639.17
13719,United Kingdom,5,1041.68
13575,United Kingdom,5,732.07
13593,United Kingdom,5,2037.08
13623,United Kingdom,5,747.78
13627,United Kingdom,5,1638.47
13632,United Kingdom,5,2121.27
13634,United Kingdom,5,1575.16
13636,United Kingdom,5,949.12
13523,United Kingdom,5,3964.88
13524,United Kingdom,5,680.18
13499,United Kingdom,5,1159.11
13495,United Kingdom,5,2044.87
13481,United Kingdom,5,1804.56
13875,United Kingdom,5,1786.79
13901,United Kingdom,5,2867.2
13941,United Kingdom,5,5112.96
13956,United Kingdom,5,1026.42
13824,United Kingdom,5,1698.94
13808,United Kingdom,5,1747.66
13860,United Kingdom,5,1245.9
13882,United Kingdom,5,1191.13
13883,United Kingdom,5,2674.48
13884,United Kingdom,5,787.6
14064,United Kingdom,5,1353.74
14047,United Kingdom,5,1308.61
14102,United Kingdom,5,1360.28
14077,United Kingdom,5,499.42
14116,United Kingdom,5,1382.74
13995,United Kingdom,5,1393.69
13984,United Kingdom,5,920.51
14005,United Kingdom,5,2874.72
14035,United Kingdom,5,1428.02
14290,United Kingdom,5,2314.65
14321,United Kingdom,5,1530.75
14214,United Kingdom,5,1004.38
14232,United Kingdom,5,2048.07
14251,United Kingdom,5,2879.7
14226,United Kingdom,5,2232.19
14257,United Kingdom,5,3099.72
14235,United Kingdom,5,3144.86
14129,United Kingdom,5,1123.86
14146,United Kingdom,5,4191
14493,United Kingdom,5,2383.24
14498,United Kingdom,5,1957.32
14428,United Kingdom,5,1244.83
14440,United Kingdom,5,2357.68
14447,United Kingdom,5,1163.23
14506,United Kingdom,5,2012.17
14511,United Kingdom,5,1314.81
14553,United Kingdom,5,859.27
14684,United Kingdom,5,1236.28
14665,United Kingdom,5,1835.7
14673,United Kingdom,5,1736.4
14691,United Kingdom,5,2114.33
14698,United Kingdom,5,1250.76
14621,United Kingdom,5,1788.36
14623,United Kingdom,5,889.25
14546,United Kingdom,5,2578.09
14583,United Kingdom,5,1052.55
13313,United Kingdom,5,1555.32
13309,United Kingdom,5,1456.79
13323,United Kingdom,5,787.85
13397,United Kingdom,5,1544.13
13451,United Kingdom,5,2976.15
13410,United Kingdom,5,1003.06
13213,United Kingdom,5,1520.58
13141,United Kingdom,5,2388.75
13265,United Kingdom,5,2107.66
13015,United Kingdom,5,3346.28
13026,United Kingdom,5,975.36
13092,United Kingdom,5,477.83
13079,United Kingdom,5,220.1
13136,United Kingdom,5,2607.61
13118,United Kingdom,5,1197.81
12912,United Kingdom,5,1662.3
12913,United Kingdom,5,2483.63
12906,United Kingdom,5,2919.81
12823,United Kingdom,5,1759.5
12909,United Kingdom,5,2178.67
12928,United Kingdom,5,2062.7
12502,Spain,5,3723.87
12557,Spain,5,11990.96
12782,Portugal,5,2330.92
12457,Switzerland,5,1970.53
12451,Switzerland,5,9035.52
12749,United Kingdom,5,4090.88
12775,Netherlands,5,1386.04
12610,Italy,5,2099.54
12444,Norway,5,5005.46
12576,Poland,5,1315.83
12381,Norway,5,1845.31
12432,Norway,5,5059.32
12601,Germany,5,577.06
12613,Germany,5,3344.38
12654,Germany,5,601.98
12517,Germany,5,2502.84
12518,Germany,5,2056.89
12520,Germany,5,2634.26
12473,Germany,5,3938.55
12714,France,5,4708.86
12723,France,5,725.07
12656,France,5,4051.17
12670,France,5,2996.05
16321,Australia,5,373.65
14931,Channel Islands,5,1257.68
12383,Belgium,5,1850.56
12407,Belgium,5,1708.12
12408,Belgium,5,2888.55
15812,United Kingdom,5,1801.14
15809,United Kingdom,5,515.77
15815,United Kingdom,5,2100.6
15785,United Kingdom,5,2328.97
15722,United Kingdom,5,2222.56
15712,United Kingdom,5,1072.36
15881,United Kingdom,5,501.39
15898,United Kingdom,5,1388.88
15855,United Kingdom,5,712.24
15858,United Kingdom,5,1438.85
15998,United Kingdom,5,3089.97
15938,United Kingdom,5,404.58
15380,United Kingdom,5,1690.26
15400,United Kingdom,5,716.2
15434,United Kingdom,5,1041.48
15426,United Kingdom,5,1447.39
15511,United Kingdom,5,909.23
15505,United Kingdom,5,3610.96
15493,United Kingdom,5,2001.8
15658,United Kingdom,5,1024.1
15681,United Kingdom,5,1426.16
15674,United Kingdom,5,2446.6
15569,United Kingdom,5,1375.71
15605,United Kingdom,5,1198.23
15594,United Kingdom,5,1771.78
15596,United Kingdom,5,1406.59
15201,United Kingdom,5,1236.54
15208,United Kingdom,5,870.12
15227,United Kingdom,5,1219.4
15253,United Kingdom,5,918.2
15288,United Kingdom,5,2306.52
15240,United Kingdom,5,1706.57
15267,United Kingdom,5,1717.36
15081,United Kingdom,5,504.8
15106,United Kingdom,5,1422.52
15117,United Kingdom,5,1551.78
15132,United Kingdom,5,977.93
15172,United Kingdom,5,1624.05
15179,United Kingdom,5,2206.95
14903,United Kingdom,5,2810.63
14978,United Kingdom,5,1931.42
14963,United Kingdom,5,1487.8
14719,United Kingdom,5,1602.13
14745,United Kingdom,5,1220.26
14748,United Kingdom,5,1415.75
17126,United Kingdom,5,1004.75
17131,United Kingdom,5,2463.17
17085,United Kingdom,5,1566.65
17054,United Kingdom,5,1356.33
17042,United Kingdom,5,1044.38
17059,United Kingdom,5,3095.04
16992,United Kingdom,5,1614.31
16891,United Kingdom,5,809.7
16892,United Kingdom,5,525.54
16907,United Kingdom,5,981.65
16875,United Kingdom,5,2095.53
16770,United Kingdom,5,770.1
16771,United Kingdom,5,2246.81
16809,United Kingdom,5,914.69
16682,United Kingdom,5,1028
16726,United Kingdom,5,1382.02
16711,United Kingdom,5,1651.03
16709,United Kingdom,5,3029.87
16735,United Kingdom,5,2300.56
16748,United Kingdom,5,1515.9
16750,United Kingdom,5,623.93
16362,United Kingdom,5,734.77
16283,United Kingdom,5,1570.81
16456,United Kingdom,5,2158.37
16438,United Kingdom,5,798.35
16440,United Kingdom,5,3640.67
16409,United Kingdom,5,2028.88
16394,United Kingdom,5,1555.34
16395,United Kingdom,5,1486.9
16618,United Kingdom,5,2647.59
16628,United Kingdom,5,2188.05
16566,United Kingdom,5,614.66
16550,United Kingdom,5,2298.97
16515,United Kingdom,5,1627.13
16150,United Kingdom,5,2053.02
16153,United Kingdom,5,1824.23
16172,United Kingdom,5,1140.21
16271,United Kingdom,5,1429.24
16258,United Kingdom,5,5203.51
16249,United Kingdom,5,1800.07
16209,United Kingdom,5,2262.62
16225,United Kingdom,5,1096.32
16235,United Kingdom,5,867.31
16128,United Kingdom,5,1880.22
16066,United Kingdom,5,1521.87
16081,United Kingdom,5,2806.9
16085,United Kingdom,5,981.51
16086,United Kingdom,5,1121.39
16042,United Kingdom,5,1197.27
16003,United Kingdom,5,2735.37
18237,United Kingdom,5,987.1
18239,United Kingdom,5,1561.61
18171,United Kingdom,5,1231.31
18211,United Kingdom,5,600.07
18221,United Kingdom,5,1041.61
18231,United Kingdom,5,2083.27
17869,United Kingdom,5,428.18
17873,United Kingdom,5,1859.16
17827,United Kingdom,5,1995.46
17838,United Kingdom,5,2779.3
17813,United Kingdom,5,1770.88
17912,United Kingdom,5,311.01
17930,United Kingdom,5,1740.48
17966,United Kingdom,5,1098.43
18016,United Kingdom,5,1483.56
18069,United Kingdom,5,2036.67
18161,United Kingdom,5,1618.69
18135,United Kingdom,5,681.91
17593,United Kingdom,5,3927.34
17554,United Kingdom,5,1952.45
17609,United Kingdom,5,1112.22
17656,United Kingdom,5,1674.69
17667,United Kingdom,5,2055.51
17754,United Kingdom,5,1772.26
17770,United Kingdom,5,1143.27
17400,United Kingdom,5,2129.96
17410,United Kingdom,5,1214.72
17516,United Kingdom,5,768.08
17522,United Kingdom,5,1070.71
17463,United Kingdom,5,1896.41
17457,United Kingdom,5,1737.7
17469,United Kingdom,5,1870.97
17470,United Kingdom,5,1125.07
17302,United Kingdom,5,1135.63
17348,United Kingdom,5,1159.52
17262,United Kingdom,5,1253.36
17268,United Kingdom,4,763.64
17272,United Kingdom,4,2148.63
17299,United Kingdom,4,669.11
17350,United Kingdom,4,1286.07
17337,United Kingdom,4,2027.87
17324,United Kingdom,4,990.23
17345,United Kingdom,4,537.74
17373,United Kingdom,4,646.92
17370,United Kingdom,4,446.18
17481,United Kingdom,4,1255.59
17454,United Kingdom,4,517.53
17523,United Kingdom,4,652.74
17526,United Kingdom,4,1195.9
17527,United Kingdom,4,939.37
17515,United Kingdom,4,639.02
17502,United Kingdom,4,689.1
17388,United Kingdom,4,1259.56
17738,United Kingdom,4,1879.05
17812,United Kingdom,4,732.16
17796,United Kingdom,4,697.9
17774,United Kingdom,4,1225.41
17787,United Kingdom,4,1865.19
17731,United Kingdom,4,1240.11
17720,United Kingdom,4,1195.94
17722,United Kingdom,4,2424.04
17700,United Kingdom,4,2534.64
17702,United Kingdom,4,1824.37
17692,United Kingdom,4,740.94
17671,United Kingdom,4,1572.71
17653,United Kingdom,4,1207.56
17633,United Kingdom,4,1324.84
17648,United Kingdom,4,1797.5
17560,United Kingdom,4,854.95
17625,United Kingdom,4,2047
17552,United Kingdom,4,930.41
17571,United Kingdom,4,1498.51
17572,United Kingdom,4,226.75
17585,United Kingdom,4,1133.07
17589,United Kingdom,4,2404.17
18125,United Kingdom,4,1142.99
17994,United Kingdom,4,678.49
18145,United Kingdom,4,2861.55
18093,United Kingdom,4,2106.52
18079,United Kingdom,4,3651.97
17955,United Kingdom,4,557.3
17979,United Kingdom,4,757.71
17929,United Kingdom,4,843
17905,United Kingdom,4,800.24
17921,United Kingdom,4,826.52
17816,United Kingdom,4,36.56
17849,United Kingdom,4,605.8
17856,United Kingdom,4,1418.03
17883,United Kingdom,4,671.77
17884,United Kingdom,4,717.45
18232,United Kingdom,4,592.97
18178,United Kingdom,4,1590.81
18173,United Kingdom,4,2106.84
18242,United Kingdom,4,2232.49
16005,United Kingdom,4,615.39
16007,United Kingdom,4,1701.94
16009,United Kingdom,4,992.71
16043,United Kingdom,4,773.99
16045,United Kingdom,4,1340.7
16062,United Kingdom,4,1153.62
16094,United Kingdom,4,1078.23
16112,United Kingdom,4,195.74
16120,United Kingdom,4,1309.14
16122,United Kingdom,4,684.42
16126,United Kingdom,4,6287.77
16232,United Kingdom,4,990.88
16224,United Kingdom,4,1295.3
16261,United Kingdom,4,746.83
16308,United Kingdom,4,2560
16295,United Kingdom,4,1328.55
16169,United Kingdom,4,1822.97
16182,United Kingdom,4,6617.65
16175,United Kingdom,4,1037.59
16188,United Kingdom,4,981.86
16201,United Kingdom,4,1863.47
16203,United Kingdom,4,592.9
16205,United Kingdom,4,761.38
16206,United Kingdom,4,537.06
16503,United Kingdom,4,1431.93
16513,United Kingdom,4,874.59
16493,United Kingdom,4,1351.63
16475,United Kingdom,4,544.3
16469,United Kingdom,4,650.43
16470,United Kingdom,4,762.39
16463,United Kingdom,4,1422.4
16539,United Kingdom,4,1388.81
16612,United Kingdom,4,1187.66
16621,United Kingdom,4,813.48
16379,United Kingdom,4,2157.4
16389,United Kingdom,4,1382.07
16444,United Kingdom,4,654.67
16350,United Kingdom,4,1116.47
16341,United Kingdom,4,1971.87
16342,United Kingdom,4,322.41
16361,United Kingdom,4,896.66
16358,United Kingdom,4,2027.5
16370,United Kingdom,4,1320.56
16676,United Kingdom,4,1592.12
16728,United Kingdom,4,1054.67
16688,United Kingdom,4,1260.86
16696,United Kingdom,4,657.9
16637,United Kingdom,4,1154.47
16654,United Kingdom,4,601.27
16657,United Kingdom,4,933.62
16660,United Kingdom,4,1267.65
16806,United Kingdom,4,801.49
16816,United Kingdom,4,417.06
16833,United Kingdom,4,1106.53
16774,United Kingdom,4,661.52
16801,United Kingdom,4,1619.73
16906,United Kingdom,4,579.77
16869,United Kingdom,4,825.42
16955,United Kingdom,4,518.67
16938,United Kingdom,4,2736.38
17062,United Kingdom,4,538.37
17043,United Kingdom,4,1735.18
17019,United Kingdom,4,1272.61
17006,United Kingdom,4,781.78
16998,United Kingdom,4,295
17092,United Kingdom,4,1777.78
17088,United Kingdom,4,1991.01
17073,United Kingdom,4,1446.09
17075,United Kingdom,4,834.12
17096,United Kingdom,4,1022.13
17101,United Kingdom,4,1621.73
17204,United Kingdom,4,1564.56
17180,United Kingdom,4,796.03
17175,United Kingdom,4,1443.69
17147,United Kingdom,4,1714.59
14758,United Kingdom,4,1484.06
14715,United Kingdom,4,867.38
14710,United Kingdom,4,606.13
14842,United Kingdom,4,2824.69
14844,United Kingdom,4,3189.81
14829,United Kingdom,4,697.55
14837,United Kingdom,4,1649.5
14805,United Kingdom,4,554.65
14824,United Kingdom,4,1127.71
14820,United Kingdom,4,507.29
14790,United Kingdom,4,745.06
14959,United Kingdom,4,695.42
14916,United Kingdom,4,1268.98
15002,United Kingdom,4,1641.76
15022,United Kingdom,4,905.04
15027,United Kingdom,4,1066.15
15028,United Kingdom,4,627.13
14970,United Kingdom,4,1592.06
14910,United Kingdom,4,434.35
14913,United Kingdom,4,1227.43
14897,United Kingdom,4,1366.38
14871,United Kingdom,4,522.38
14859,United Kingdom,4,1353.74
15145,United Kingdom,4,1194.73
15128,United Kingdom,4,1471
15136,United Kingdom,4,1286.7
15116,United Kingdom,4,1352.75
15060,United Kingdom,4,303.09
15079,United Kingdom,4,895.61
15110,United Kingdom,4,996.1
15095,United Kingdom,4,1370.6
15031,United Kingdom,4,668.14
15048,United Kingdom,4,384.05
15062,United Kingdom,4,987.86
15065,United Kingdom,4,3158.13
15312,United Kingdom,4,924.85
15237,United Kingdom,4,1412.32
15228,United Kingdom,4,3386.71
15206,United Kingdom,4,420.3
15199,United Kingdom,4,1268.7
15584,United Kingdom,4,725.11
15587,United Kingdom,4,913.68
15574,United Kingdom,4,702.25
15608,United Kingdom,4,1093.68
15618,United Kingdom,4,776.85
15571,United Kingdom,4,650.43
15550,United Kingdom,4,575.63
15535,United Kingdom,4,536.4
15561,United Kingdom,4,800.59
15563,United Kingdom,4,1400.44
15621,United Kingdom,4,1293.03
15624,United Kingdom,4,588.13
15625,United Kingdom,4,1534.26
15641,United Kingdom,4,1887.2
15644,United Kingdom,4,813
15679,United Kingdom,4,781.28
15669,United Kingdom,4,684.34
15656,United Kingdom,4,748.5
15673,United Kingdom,4,2881.02
15483,United Kingdom,4,233.81
15484,United Kingdom,4,3594.31
15500,United Kingdom,4,1131.56
15530,United Kingdom,4,1502.35
15532,United Kingdom,4,1580.93
15416,United Kingdom,4,3984.32
15421,United Kingdom,4,950.36
15411,United Kingdom,4,1358.88
15407,United Kingdom,4,1056.44
15392,United Kingdom,4,1535.53
15394,United Kingdom,4,2183.54
15367,United Kingdom,4,1877.59
15920,United Kingdom,4,167.5
15952,United Kingdom,4,806.57
15950,United Kingdom,4,1765.51
15983,United Kingdom,4,1475.02
15965,United Kingdom,4,845.64
15862,United Kingdom,4,832.88
15841,United Kingdom,4,1224.06
15882,United Kingdom,4,516.36
15701,United Kingdom,4,1542.14
15704,United Kingdom,4,2293.62
15706,United Kingdom,4,1060.56
15707,United Kingdom,4,945.58
15716,United Kingdom,4,1118.81
15743,United Kingdom,4,784.46
15745,United Kingdom,4,1094.59
15756,United Kingdom,4,532.96
15777,United Kingdom,4,1047.11
15797,United Kingdom,4,2207.4
15819,United Kingdom,4,1905.45
15810,United Kingdom,4,1391.98
15808,United Kingdom,4,3734.97
15814,United Kingdom,4,1945.33
15834,United Kingdom,4,2233.75
15835,United Kingdom,4,954.09
12399,Belgium,4,1108.65
12449,Belgium,4,4067.29
12463,Belgium,4,1344.78
12393,Australia,4,1582.6
12364,Belgium,4,1313.1
12380,Belgium,4,2724.81
14016,EIRE,4,4341.21
15108,European Community,4,1300.25
12348,Finland,4,1797.24
12359,Cyprus,4,6372.58
12674,France,4,1970.6
12679,France,4,1113.02
12680,France,4,862.81
12657,France,4,1643.18
12695,France,4,582.1
12700,France,4,4939.99
12615,France,4,2291.19
12724,France,4,1031.41
12728,France,4,836.33
12722,France,4,997.63
12480,Germany,4,3281.63
12530,Germany,4,1662.28
12645,Germany,4,1775.18
12668,Germany,4,3807.15
12693,Germany,4,855.91
12633,Germany,4,2163.98
15332,Lithuania,4,1661.06
17828,Malta,4,1820.09
13813,Germany,4,1366.86
13815,Germany,4,4027.36
12820,United Kingdom,4,942.34
13505,Switzerland,4,4393.63
12840,United Kingdom,4,2726.77
12836,United Kingdom,4,2612.86
12597,Spain,4,3811.22
12421,Spain,4,807.04
12455,Spain,4,767.96
12539,Spain,4,5568.35
12924,United Kingdom,4,933.7
12916,United Kingdom,4,3006.15
12936,United Kingdom,4,1063.9
12937,United Kingdom,4,1504.27
12952,United Kingdom,4,1387.79
12883,United Kingdom,4,703.47
12845,United Kingdom,4,354.09
13115,United Kingdom,4,2294.78
13134,United Kingdom,4,1793.58
13077,United Kingdom,4,729.27
13107,United Kingdom,4,1531.62
12970,United Kingdom,4,452.24
12993,United Kingdom,4,414.76
12997,United Kingdom,4,1226.89
13048,United Kingdom,4,1835.91
13064,United Kingdom,4,1119.49
13277,United Kingdom,4,258.4
13285,United Kingdom,4,2709.12
13297,United Kingdom,4,2089.85
13301,United Kingdom,4,618.09
13247,United Kingdom,4,501.12
13238,United Kingdom,4,700.73
13240,United Kingdom,4,663.65
13220,United Kingdom,4,819.29
13145,United Kingdom,4,618.52
13147,United Kingdom,4,712.8
13167,United Kingdom,4,791.33
13168,United Kingdom,4,1319.19
13149,United Kingdom,4,1676.06
13155,United Kingdom,4,971.76
13157,United Kingdom,4,1741.22
13158,United Kingdom,4,1201.06
13159,United Kingdom,4,1437.85
13162,United Kingdom,4,1688.29
13196,United Kingdom,4,1797.78
13200,United Kingdom,4,870.09
13203,United Kingdom,4,869.46
13429,United Kingdom,4,1006.8
13475,United Kingdom,4,1431.78
13471,United Kingdom,4,2531.58
13362,United Kingdom,4,3090.74
13316,United Kingdom,4,5977.73
13320,United Kingdom,4,1548.7
14584,United Kingdom,4,1042.26
14577,United Kingdom,4,859.71
14591,United Kingdom,4,1447.14
14565,United Kingdom,4,3099.12
14608,United Kingdom,4,1785.15
14609,United Kingdom,4,601.56
14626,United Kingdom,4,2791.27
14692,United Kingdom,4,591.55
14655,United Kingdom,4,1932.23
14657,United Kingdom,4,848.22
14649,United Kingdom,4,1417.29
14662,United Kingdom,4,771.17
14554,United Kingdom,4,2381.04
14522,United Kingdom,4,974.54
14532,United Kingdom,4,932.85
14467,United Kingdom,4,598.76
14441,United Kingdom,4,1712.89
14443,United Kingdom,4,1420.2
14446,United Kingdom,4,1039.58
14449,United Kingdom,4,907.1
14477,United Kingdom,4,1309.6
14504,United Kingdom,4,673.26
14141,United Kingdom,4,915.13
14145,United Kingdom,4,3742.2
14113,United Kingdom,4,1840.42
14176,United Kingdom,4,576.9
14177,United Kingdom,4,559.41
14163,United Kingdom,4,2445.91
14167,United Kingdom,4,574.84
14173,United Kingdom,4,450.84
14233,United Kingdom,4,1462.72
14234,United Kingdom,4,775.46
14198,United Kingdom,4,701.4
14224,United Kingdom,4,1050.12
14216,United Kingdom,4,1839.3
14342,United Kingdom,4,668.56
14336,United Kingdom,4,1614.91
14293,United Kingdom,4,1046.56
14297,United Kingdom,4,1305.33
14285,United Kingdom,4,1910.01
14273,United Kingdom,4,559.97
14352,United Kingdom,4,1078.96
14360,United Kingdom,4,2128.23
14403,United Kingdom,4,1475.81
13940,United Kingdom,4,839.14
13963,United Kingdom,4,664.54
13982,United Kingdom,4,1871.81
14121,United Kingdom,4,2780.15
14111,United Kingdom,4,692.85
14049,United Kingdom,4,5681.72
14044,United Kingdom,4,652.82
14045,United Kingdom,4,1659.75
13869,United Kingdom,4,3104.95
13865,United Kingdom,4,501.56
13838,United Kingdom,4,691.73
13835,United Kingdom,4,834.57
13908,United Kingdom,4,2369.55
13950,United Kingdom,4,745.06
13892,United Kingdom,4,632.97
13895,United Kingdom,4,2593.07
13925,United Kingdom,4,678.25
13928,United Kingdom,4,464.57
13489,United Kingdom,4,449.52
13510,United Kingdom,4,1791.56
13515,United Kingdom,4,891.12
13507,United Kingdom,4,2479.16
13555,United Kingdom,4,4149.28
13614,United Kingdom,4,1610.46
13592,United Kingdom,4,247.96
13577,United Kingdom,4,1687.6
13558,United Kingdom,4,605.06
13720,United Kingdom,4,799.9
13680,United Kingdom,4,3722.42
13681,United Kingdom,4,827.83
13644,United Kingdom,4,2624.26
13647,United Kingdom,4,1678.12
13735,United Kingdom,4,2885.24
13771,United Kingdom,4,2634.45
13772,United Kingdom,3,1132.13
13764,United Kingdom,3,1521.76
13741,United Kingdom,3,668.43
13606,United Kingdom,3,280.54
13652,United Kingdom,3,1095.08
13662,United Kingdom,3,897.76
13666,United Kingdom,3,84.65
13705,United Kingdom,3,711.86
13722,United Kingdom,3,2375.41
13692,United Kingdom,3,1488.32
13562,United Kingdom,3,1799.33
13564,United Kingdom,3,1749.02
13591,United Kingdom,3,1117.13
13617,United Kingdom,3,544.18
13611,United Kingdom,3,1171.8
13637,United Kingdom,3,810.5
13643,United Kingdom,3,519.44
13533,United Kingdom,3,270.79
13546,United Kingdom,3,626.99
13539,United Kingdom,3,631.34
13516,United Kingdom,3,1389.41
13517,United Kingdom,3,2128.42
13521,United Kingdom,3,1093.65
13500,United Kingdom,3,1166.77
13502,United Kingdom,3,292
13486,United Kingdom,3,1122.41
13487,United Kingdom,3,575.4
13900,United Kingdom,3,740.95
13894,United Kingdom,3,564.62
13951,United Kingdom,3,674.45
13939,United Kingdom,3,568.55
13959,United Kingdom,3,598.2
13946,United Kingdom,3,561.57
13827,United Kingdom,3,412.05
13846,United Kingdom,3,865.06
13848,United Kingdom,3,1255
13819,United Kingdom,3,1140.35
13802,United Kingdom,3,4599.42
13851,United Kingdom,3,2651.46
13856,United Kingdom,3,388.5
13867,United Kingdom,3,1015.29
13873,United Kingdom,3,389.6
14075,United Kingdom,3,942.26
14125,United Kingdom,3,2740.43
14126,United Kingdom,3,706.13
14127,United Kingdom,3,709.71
14001,United Kingdom,3,2043.08
14038,United Kingdom,3,1560.38
14034,United Kingdom,3,651.82
14013,United Kingdom,3,473.02
14019,United Kingdom,3,1421.61
14006,United Kingdom,3,962.19
14021,United Kingdom,3,631.9
14383,United Kingdom,3,1247.69
14385,United Kingdom,3,202.11
14387,United Kingdom,3,1770.56
14359,United Kingdom,3,912.18
14418,United Kingdom,3,1937.25
14276,United Kingdom,3,1119.74
14267,United Kingdom,3,1516.24
14286,United Kingdom,3,4628.75
14287,United Kingdom,3,176.63
14305,United Kingdom,3,1858.96
14332,United Kingdom,3,866.31
14223,United Kingdom,3,991.13
14229,United Kingdom,3,1547.2
14231,United Kingdom,3,925.71
14246,United Kingdom,3,1474.06
14250,United Kingdom,3,1904.05
14175,United Kingdom,3,3222.3
14133,United Kingdom,3,605.64
14161,United Kingdom,3,1110.52
14499,United Kingdom,3,815.32
14500,United Kingdom,3,356.85
14475,United Kingdom,3,925.85
14450,United Kingdom,3,483.25
14463,United Kingdom,3,529.62
14465,United Kingdom,3,1058.62
14460,United Kingdom,3,434.34
14461,United Kingdom,3,2103.06
14529,United Kingdom,3,620.04
14513,United Kingdom,3,455.59
14514,United Kingdom,3,1055.35
14540,United Kingdom,3,996.26
14535,United Kingdom,3,2864.19
14669,United Kingdom,3,1269.99
14631,United Kingdom,3,1006.98
14700,United Kingdom,3,2235.3
14708,United Kingdom,3,1126.37
14681,United Kingdom,3,498.95
14616,United Kingdom,3,406.08
14618,United Kingdom,3,553.44
14561,United Kingdom,3,1080.76
14592,United Kingdom,3,570.46
14593,United Kingdom,3,617.99
13330,United Kingdom,3,1140.93
13334,United Kingdom,3,3536.82
13310,United Kingdom,3,1132.03
13308,United Kingdom,3,1385.51
13314,United Kingdom,3,775.94
13318,United Kingdom,3,640.76
13344,United Kingdom,3,2543.72
13373,United Kingdom,3,3312.25
13376,United Kingdom,3,1019.76
13379,United Kingdom,3,572.56
13389,United Kingdom,3,797.96
13461,United Kingdom,3,1445
13447,United Kingdom,3,1129.14
13427,United Kingdom,3,582.6
13414,United Kingdom,3,1390.5
13405,United Kingdom,3,572.45
13425,United Kingdom,3,1624.21
13186,United Kingdom,3,1575.89
13174,United Kingdom,3,2817.03
13217,United Kingdom,3,533.98
13211,United Kingdom,3,1197.42
13212,United Kingdom,3,788.08
13171,United Kingdom,3,468.41
13242,United Kingdom,3,270.4
13249,United Kingdom,3,711.41
13258,United Kingdom,3,698.58
13280,United Kingdom,3,814.86
13282,United Kingdom,3,1132.14
13055,United Kingdom,3,1214.41
13058,United Kingdom,3,271.4
13029,United Kingdom,3,1247.5
13037,United Kingdom,3,881.07
13038,United Kingdom,3,908.46
12999,United Kingdom,3,455.88
13000,United Kingdom,3,534.85
12994,United Kingdom,3,974.42
13003,United Kingdom,3,149.05
13016,United Kingdom,3,789.89
13131,United Kingdom,3,1073.3
13140,United Kingdom,3,423.72
13124,United Kingdom,3,3866.33
12854,United Kingdom,3,1324.5
12885,United Kingdom,3,1175.22
12879,United Kingdom,3,573.22
12891,United Kingdom,3,331
12950,United Kingdom,3,1843
12990,United Kingdom,3,409.5
12933,United Kingdom,3,607.53
12942,United Kingdom,3,683.9
12356,Portugal,3,2811.43
12697,Sweden,3,957.59
12507,Spain,3,1304.81
12541,Spain,3,981.18
12808,Portugal,3,483.65
12811,Portugal,3,514.85
12456,Switzerland,3,3181.04
13492,Switzerland,3,1269.84
12409,Switzerland,3,11072.67
12827,United Kingdom,3,430.15
12754,Japan,3,3010.74
12759,Netherlands,3,1531.44
12798,Japan,3,6977.04
12787,Netherlands,3,463.66
12642,Germany,3,1013.26
12628,Germany,3,786.46
12560,Germany,3,2134.01
12609,Germany,3,1126.85
12649,Germany,3,623.51
12710,Germany,3,1149.02
13810,Germany,3,1499.01
13811,Germany,3,814.5
13812,Germany,3,539
12526,Germany,3,1316.66
12527,Germany,3,348.71
12498,Germany,3,403.7
14277,France,3,4216.2
12427,Germany,3,825.8
12640,France,3,1174.58
12620,France,3,1339.41
12577,France,3,657.8
12593,France,3,418.1
12669,France,3,2744.03
12372,Denmark,3,1298.04
12370,Cyprus,3,3268.49
12412,Denmark,3,1226.88
12429,Denmark,3,3312.42
14930,Channel Islands,3,2372.86
12413,France,3,758.1
12488,France,3,1298.66
12536,France,3,12601.83
12360,Austria,3,2662.06
12414,Austria,3,562.41
14937,Channel Islands,3,1621.88
17444,Canada,3,2940.04
15826,United Kingdom,3,1654.31
15799,United Kingdom,3,884.14
15806,United Kingdom,3,784.58
15807,United Kingdom,3,903.9
15793,United Kingdom,3,965.61
15801,United Kingdom,3,1063.95
15780,United Kingdom,3,475.28
15781,United Kingdom,3,345.46
15782,United Kingdom,3,2614.74
15786,United Kingdom,3,4932.2
15787,United Kingdom,3,948.05
15754,United Kingdom,3,458.57
15768,United Kingdom,3,621.83
15759,United Kingdom,3,253.04
15747,United Kingdom,3,974.04
15749,United Kingdom,3,44534.3
15730,United Kingdom,3,1120.88
15865,United Kingdom,3,895.13
15901,United Kingdom,3,363.88
15907,United Kingdom,3,967.45
15885,United Kingdom,3,379.35
15831,United Kingdom,3,801.76
15839,United Kingdom,3,1048.49
15969,United Kingdom,3,666.1
15980,United Kingdom,3,2398.86
16000,United Kingdom,3,12393.7
15933,United Kingdom,3,1107.46
15376,United Kingdom,3,1233.36
15399,United Kingdom,3,815.77
15414,United Kingdom,3,774.9
15436,United Kingdom,3,1122.53
15440,United Kingdom,3,383.68
15449,United Kingdom,3,974.52
15452,United Kingdom,3,538.73
15427,United Kingdom,3,1483.14
15533,United Kingdom,3,807.57
15525,United Kingdom,3,825.92
15506,United Kingdom,3,979.26
15516,United Kingdom,3,62.43
15485,United Kingdom,3,2575
15489,United Kingdom,3,1134.28
15456,United Kingdom,3,447.22
15462,United Kingdom,3,234.6
15467,United Kingdom,3,524.88
15651,United Kingdom,3,646.3
15680,United Kingdom,3,1333.68
15675,United Kingdom,3,323.69
15676,United Kingdom,3,3435.76
15646,United Kingdom,3,447.64
15643,United Kingdom,3,664
15568,United Kingdom,3,758.29
15549,United Kingdom,3,1693.26
15620,United Kingdom,3,1553.18
15577,United Kingdom,3,258.88
15582,United Kingdom,3,682.91
15589,United Kingdom,3,478.53
15238,United Kingdom,3,1071.99
15215,United Kingdom,3,734.94
15245,United Kingdom,3,2515.84
15321,United Kingdom,3,2748.31
15329,United Kingdom,3,1049.7
15334,United Kingdom,3,351.67
15344,United Kingdom,3,563.94
15289,United Kingdom,3,939.78
15297,United Kingdom,3,641.94
15306,United Kingdom,3,1174.35
15067,United Kingdom,3,1744.76
15050,United Kingdom,3,1782.09
15051,United Kingdom,3,1391.61
15053,United Kingdom,3,697.79
15032,United Kingdom,3,4959.1
15036,United Kingdom,3,465.55
15018,United Kingdom,3,496.21
15098,United Kingdom,3,39916.5
15100,United Kingdom,3,876
15111,United Kingdom,3,1567.48
15113,United Kingdom,3,3609.33
15122,United Kingdom,3,1633.78
15073,United Kingdom,3,1043.41
15133,United Kingdom,3,982.42
15156,United Kingdom,3,961.49
15157,United Kingdom,3,1936.07
15164,United Kingdom,3,843.05
15181,United Kingdom,3,689.48
15197,United Kingdom,3,1079.61
15192,United Kingdom,3,1044.32
14867,United Kingdom,3,710.28
14856,United Kingdom,3,1311.38
14880,United Kingdom,3,706.19
14971,United Kingdom,3,1116.57
14973,United Kingdom,3,1314.45
14997,United Kingdom,3,546.2
15009,United Kingdom,3,1261.78
15026,United Kingdom,3,469
14958,United Kingdom,3,499.68
14775,United Kingdom,3,1011.9
14779,United Kingdom,3,386.15
14803,United Kingdom,3,845.55
14798,United Kingdom,3,173.74
14823,United Kingdom,3,321.43
14818,United Kingdom,3,657.8
14836,United Kingdom,3,102.45
14828,United Kingdom,3,2139.76
14712,United Kingdom,3,917.07
14720,United Kingdom,3,663.81
14731,United Kingdom,3,380.02
14737,United Kingdom,3,1164.55
14759,United Kingdom,3,1625.97
14765,United Kingdom,3,254.11
14740,United Kingdom,3,1448.21
17152,United Kingdom,3,1689.5
17158,United Kingdom,3,1266.97
17159,United Kingdom,3,1538.88
17179,United Kingdom,3,711.79
17198,United Kingdom,3,692.22
17115,United Kingdom,3,837.5
17146,United Kingdom,3,749.78
17076,United Kingdom,3,841.08
17083,United Kingdom,3,1405.78
17095,United Kingdom,3,1324.16
17002,United Kingdom,3,1493.73
16969,United Kingdom,3,650.41
17014,United Kingdom,3,586.33
17015,United Kingdom,3,1842.56
17024,United Kingdom,3,95.85
17025,United Kingdom,3,357.77
17045,United Kingdom,3,339.44
17047,United Kingdom,3,1100.9
17048,United Kingdom,3,925.35
17058,United Kingdom,3,1179.89
17064,United Kingdom,3,859.35
17041,United Kingdom,3,1081.57
17033,United Kingdom,3,1030.14
17034,United Kingdom,3,745.52
16940,United Kingdom,3,3049.88
16930,United Kingdom,3,380.55
16924,United Kingdom,3,846.75
16927,United Kingdom,3,543.05
16950,United Kingdom,3,1178.56
16951,United Kingdom,3,1277.75
16943,United Kingdom,3,816.73
16948,United Kingdom,3,435.02
16960,United Kingdom,3,507.05
16997,United Kingdom,3,702
16885,United Kingdom,3,471.51
16889,United Kingdom,3,1578.67
16900,United Kingdom,3,887.11
16898,United Kingdom,3,508.81
16872,United Kingdom,3,680.02
16882,United Kingdom,3,705.12
16842,United Kingdom,3,1264.19
16832,United Kingdom,3,199.15
16866,United Kingdom,3,207.74
16851,United Kingdom,3,342.45
16804,United Kingdom,3,536.99
16807,United Kingdom,3,1121.59
16589,United Kingdom,3,459.24
16639,United Kingdom,3,1257.51
16669,United Kingdom,3,1374.87
16671,United Kingdom,3,1692.27
16714,United Kingdom,3,1161.53
16706,United Kingdom,3,531.35
16755,United Kingdom,3,1496.83
16759,United Kingdom,3,789.79
16762,United Kingdom,3,1501.38
16768,United Kingdom,3,478.09
16730,United Kingdom,3,743.11
16734,United Kingdom,3,650.51
16369,United Kingdom,3,1553.66
16356,United Kingdom,3,211.77
16357,United Kingdom,3,658.88
16245,United Kingdom,3,1413.66
16317,United Kingdom,3,1341.65
16330,United Kingdom,3,251.91
16324,United Kingdom,3,428.68
16325,United Kingdom,3,594.24
16431,United Kingdom,3,642.81
16416,United Kingdom,3,1051.4
16418,United Kingdom,3,675.27
16378,United Kingdom,3,362.95
16385,United Kingdom,3,555.89
16593,United Kingdom,3,330.03
16554,United Kingdom,3,837.1
16551,United Kingdom,3,922.12
16571,United Kingdom,3,1421.69
16572,United Kingdom,3,1009.6
16464,United Kingdom,3,1314.68
16460,United Kingdom,3,814.72
16462,United Kingdom,3,136
16473,United Kingdom,3,316.11
16442,United Kingdom,3,616.79
16488,United Kingdom,3,498.8
16478,United Kingdom,3,331
16495,United Kingdom,3,684.41
16496,United Kingdom,3,1599.52
16511,United Kingdom,3,950.26
16520,United Kingdom,3,1046.57
16532,United Kingdom,3,6748.8
16533,United Kingdom,3,1095.56
16214,United Kingdom,3,1062.75
16174,United Kingdom,3,1009.55
16157,United Kingdom,3,656.69
16164,United Kingdom,3,822.48
16298,United Kingdom,3,598.2
16303,United Kingdom,3,5360.63
16279,United Kingdom,3,1509.58
16221,United Kingdom,3,864.86
16226,United Kingdom,3,255.12
16233,United Kingdom,3,536.68
16110,United Kingdom,3,1337.48
16146,United Kingdom,3,734.13
16136,United Kingdom,3,709.38
16139,United Kingdom,3,635.41
16092,United Kingdom,3,817.86
16099,United Kingdom,3,731.9
16102,United Kingdom,3,1842.14
16079,United Kingdom,3,1352
16049,United Kingdom,3,1111.79
16034,United Kingdom,3,437.7
16037,United Kingdom,3,855.02
16038,United Kingdom,3,471.78
16040,United Kingdom,3,1313.55
16041,United Kingdom,3,3166.4
16010,United Kingdom,3,407.5
16008,United Kingdom,3,478.78
16020,United Kingdom,3,851.01
16023,United Kingdom,3,719.81
16012,United Kingdom,3,1415.29
16014,United Kingdom,3,662.38
16015,United Kingdom,3,705.39
18273,United Kingdom,3,204
18263,United Kingdom,3,1213.16
18259,United Kingdom,3,2338.6
18287,United Kingdom,3,1837.28
18170,United Kingdom,3,980.31
18202,United Kingdom,3,1396.99
18204,United Kingdom,3,1993.7
18188,United Kingdom,3,2001.04
18235,United Kingdom,3,1796.48
17886,United Kingdom,3,899.61
17897,United Kingdom,3,566.6
17864,United Kingdom,3,597.5
17817,United Kingdom,3,387.68
17830,United Kingdom,3,398.7
17835,United Kingdom,3,350.64
17892,United Kingdom,3,244.1
17917,United Kingdom,3,341.28
17932,United Kingdom,3,1331.57
17980,United Kingdom,3,811.45
17974,United Kingdom,3,740.79
17950,United Kingdom,3,482.2
17951,United Kingdom,3,1008.54
18081,United Kingdom,3,343.45
18062,United Kingdom,3,720.52
18059,United Kingdom,3,306.46
18017,United Kingdom,3,523
17990,United Kingdom,3,630.84
18035,United Kingdom,3,730.4
18036,United Kingdom,3,405.62
18043,United Kingdom,3,559.51
18149,United Kingdom,3,612.08
18150,United Kingdom,3,566.58
18167,United Kingdom,3,1384.86
18155,United Kingdom,3,371.62
18096,United Kingdom,3,911.15
18127,United Kingdom,3,348.73
18130,United Kingdom,3,1059.39
18136,United Kingdom,3,784.33
17590,United Kingdom,3,1479.22
17588,United Kingdom,3,1240.2
17579,United Kingdom,3,448.9
17580,United Kingdom,3,215.72
17573,United Kingdom,3,380.6
17557,United Kingdom,3,541.46
17564,United Kingdom,3,454.01
17550,United Kingdom,3,267.16
17545,United Kingdom,3,645.96
17631,United Kingdom,3,528.33
17646,United Kingdom,3,1008.39
17615,United Kingdom,3,329.6
17616,United Kingdom,3,571.2
17618,United Kingdom,3,971.58
17621,United Kingdom,3,1379.9
17703,United Kingdom,3,798.74
17736,United Kingdom,3,377.44
17724,United Kingdom,3,1033
17728,United Kingdom,3,2876.01
17765,United Kingdom,3,371.88
17768,United Kingdom,3,2273.18
17777,United Kingdom,3,665.86
17779,United Kingdom,3,658.57
17797,United Kingdom,3,780.43
17802,United Kingdom,3,1285.04
17734,United Kingdom,3,700.63
17759,United Kingdom,3,834.99
17398,United Kingdom,3,653.38
17411,United Kingdom,3,778.94
17405,United Kingdom,3,1031.41
17406,United Kingdom,3,2200.42
17440,United Kingdom,3,186.42
17420,United Kingdom,3,598.83
17429,United Kingdom,3,524.92
17500,United Kingdom,3,1138
17521,United Kingdom,3,723.21
17483,United Kingdom,3,414.04
17472,United Kingdom,3,710.29
17461,United Kingdom,3,757.46
17371,United Kingdom,3,423.89
17360,United Kingdom,3,585.79
17361,United Kingdom,3,488.2
17375,United Kingdom,3,400.1
17312,United Kingdom,3,644.3
17351,United Kingdom,3,587.15
17341,United Kingdom,3,781.36
17317,United Kingdom,3,2600.34
17320,United Kingdom,3,1200.62
17289,United Kingdom,3,944.41
17282,United Kingdom,3,1703.41
17295,United Kingdom,3,556.95
17266,United Kingdom,3,310.64
17267,United Kingdom,2,317.62
17277,United Kingdom,2,1065.35
17265,United Kingdom,2,562.9
17242,United Kingdom,2,1135.04
17237,United Kingdom,2,314.69
17232,United Kingdom,2,421.52
17235,United Kingdom,2,550.06
17250,United Kingdom,2,384.52
17252,United Kingdom,2,353.86
17254,United Kingdom,2,272.44
17255,United Kingdom,2,298.41
17256,United Kingdom,2,240
17259,United Kingdom,2,603.37
17298,United Kingdom,2,498.42
17290,United Kingdom,2,525.24
17321,United Kingdom,2,700.86
17311,United Kingdom,2,1384.85
17339,United Kingdom,2,243.36
17353,United Kingdom,2,1740
17357,United Kingdom,2,388.14
17358,United Kingdom,2,365.85
17329,United Kingdom,2,523.11
17330,United Kingdom,2,363.9
17334,United Kingdom,2,307.02
17376,United Kingdom,2,203.2
17387,United Kingdom,2,784.11
17384,United Kingdom,2,336.4
17362,United Kingdom,2,312.23
17374,United Kingdom,2,495.77
17462,United Kingdom,2,675.69
17466,United Kingdom,2,763.28
17468,United Kingdom,2,137
17459,United Kingdom,2,657.3
17453,United Kingdom,2,486.72
17489,United Kingdom,2,376.64
17495,United Kingdom,2,497.56
17501,United Kingdom,2,288.6
17503,United Kingdom,2,558.96
17505,United Kingdom,2,1145.84
17507,United Kingdom,2,605.58
17430,United Kingdom,2,265.76
17432,United Kingdom,2,365.76
17423,United Kingdom,2,698.41
17425,United Kingdom,2,759.17
17446,United Kingdom,2,120.9
17447,United Kingdom,2,541.53
17436,United Kingdom,2,216.3
17409,United Kingdom,2,771.85
17397,United Kingdom,2,696.41
17391,United Kingdom,2,508.8
17392,United Kingdom,2,457.91
17418,United Kingdom,2,463.46
17414,United Kingdom,2,778
17760,United Kingdom,2,287.59
17764,United Kingdom,2,818.82
17771,United Kingdom,2,245.81
17772,United Kingdom,2,182.77
17742,United Kingdom,2,355.11
17749,United Kingdom,2,674.52
17795,United Kingdom,2,350.39
17781,United Kingdom,2,188.02
17783,United Kingdom,2,283.47
17786,United Kingdom,2,278.74
17788,United Kingdom,2,1117.9
17737,United Kingdom,2,168.24
17733,United Kingdom,2,692.19
17707,United Kingdom,2,152.4
17708,United Kingdom,2,267.08
17711,United Kingdom,2,385.1
17704,United Kingdom,2,885.19
17695,United Kingdom,2,765.34
17691,United Kingdom,2,290.4
17679,United Kingdom,2,1992.11
17624,United Kingdom,2,843.48
17637,United Kingdom,2,547.06
17642,United Kingdom,2,712.29
17630,United Kingdom,2,503.6
17664,United Kingdom,2,604.64
17666,United Kingdom,2,728.16
17672,United Kingdom,2,3178.17
17674,United Kingdom,2,551.04
17668,United Kingdom,2,347.75
17658,United Kingdom,2,595.42
17549,United Kingdom,2,148.86
17537,United Kingdom,2,897.62
17540,United Kingdom,2,578.9
17555,United Kingdom,2,483.26
17566,United Kingdom,2,901.21
17584,United Kingdom,2,1242.3
17594,United Kingdom,2,993.18
17595,United Kingdom,2,388.79
17604,United Kingdom,2,309.36
17608,United Kingdom,2,193.42
18123,United Kingdom,2,589.44
18121,United Kingdom,2,673.1
18095,United Kingdom,2,580.05
18101,United Kingdom,2,223.65
18112,United Kingdom,2,352.69
18156,United Kingdom,2,734.94
18158,United Kingdom,2,453.4
18160,United Kingdom,2,638.06
18142,United Kingdom,2,1019.52
18143,United Kingdom,2,1000.16
18151,United Kingdom,2,653.35
18154,United Kingdom,2,399.19
18146,United Kingdom,2,160.35
18147,United Kingdom,2,179.34
18048,United Kingdom,2,172.29
18040,United Kingdom,2,357.2
17991,United Kingdom,2,93.35
18013,United Kingdom,2,187.29
18018,United Kingdom,2,122.14
18024,United Kingdom,2,389.78
18030,United Kingdom,2,230.65
18034,United Kingdom,2,422.88
18064,United Kingdom,2,814
18071,United Kingdom,2,453
18085,United Kingdom,2,689.95
18087,United Kingdom,2,4055.72
18080,United Kingdom,2,1231.5
18078,United Kingdom,2,336.13
17969,United Kingdom,2,228.2
17964,United Kingdom,2,471.7
17999,United Kingdom,2,382.06
18001,United Kingdom,2,417.23
18005,United Kingdom,2,249.72
17934,United Kingdom,2,704.25
17935,United Kingdom,2,145.79
17946,United Kingdom,2,149.58
17931,United Kingdom,2,408.36
17913,United Kingdom,2,411.6
17926,United Kingdom,2,397.29
17928,United Kingdom,2,212.54
17852,United Kingdom,2,114.34
17854,United Kingdom,2,311.26
17898,United Kingdom,2,152.06
17900,United Kingdom,2,112.2
17889,United Kingdom,2,203.87
17890,United Kingdom,2,602.09
18228,United Kingdom,2,779.9
18183,United Kingdom,2,632.07
18217,United Kingdom,2,621.75
18218,United Kingdom,2,662.08
18189,United Kingdom,2,1090.24
18190,United Kingdom,2,284.46
18196,United Kingdom,2,689.13
18205,United Kingdom,2,517.36
12646,USA,2,1346.97
18261,United Kingdom,2,324.24
18265,United Kingdom,2,801.51
18270,United Kingdom,2,283.15
18282,United Kingdom,2,178.05
18246,United Kingdom,2,596.1
18248,United Kingdom,2,804.02
18252,United Kingdom,2,526.67
16018,United Kingdom,2,408.9
15990,United Kingdom,2,792.11
16036,United Kingdom,2,758.92
16031,United Kingdom,2,548.94
16053,United Kingdom,2,1511.95
16048,United Kingdom,2,256.44
16080,United Kingdom,2,217.16
16070,United Kingdom,2,852.15
16091,United Kingdom,2,315.06
16083,United Kingdom,2,1317.62
16109,United Kingdom,2,611.88
16140,United Kingdom,2,725.18
16149,United Kingdom,2,280.52
16134,United Kingdom,2,618.09
16119,United Kingdom,2,423.36
16121,United Kingdom,2,867.11
16239,United Kingdom,2,414.2
16240,United Kingdom,2,3718.8
16243,United Kingdom,2,409.1
16244,United Kingdom,2,1522.75
16229,United Kingdom,2,1010.6
16230,United Kingdom,2,542.03
16268,United Kingdom,2,667.65
16250,United Kingdom,2,389.44
16253,United Kingdom,2,3683.86
16309,United Kingdom,2,706.57
16311,United Kingdom,2,616.26
16313,United Kingdom,2,274.15
16163,United Kingdom,2,856.6
16160,United Kingdom,2,1025.44
16217,United Kingdom,2,304.25
16212,United Kingdom,2,690.34
16208,United Kingdom,2,664.26
16189,United Kingdom,2,215.48
16200,United Kingdom,2,1080.62
16185,United Kingdom,2,529.41
16518,United Kingdom,2,484.32
16519,United Kingdom,2,215.08
16506,United Kingdom,2,90.3
16498,United Kingdom,2,100.97
16499,United Kingdom,2,365.45
16479,United Kingdom,2,300.83
16484,United Kingdom,2,404.3
16573,United Kingdom,2,663.61
16584,United Kingdom,2,936.08
16557,United Kingdom,2,281.85
16560,United Kingdom,2,841.41
16561,United Kingdom,2,511.12
16552,United Kingdom,2,379.73
16555,United Kingdom,2,285.89
16546,United Kingdom,2,787.15
16596,United Kingdom,2,250.15
16567,United Kingdom,2,865.6
16616,United Kingdom,2,500.42
16624,United Kingdom,2,810.57
16629,United Kingdom,2,417.73
16620,United Kingdom,2,178.96
16603,United Kingdom,2,482.47
16386,United Kingdom,2,317.2
16383,United Kingdom,2,668.36
16384,United Kingdom,2,584.5
16398,United Kingdom,2,1705.8
16399,United Kingdom,2,408.57
16402,United Kingdom,2,299.6
16405,United Kingdom,2,167.25
16411,United Kingdom,2,214.65
16414,United Kingdom,2,126.25
16427,United Kingdom,2,241.06
16441,United Kingdom,2,381.2
16446,United Kingdom,2,168472.49
16449,United Kingdom,2,707.69
16454,United Kingdom,2,6.9
16322,United Kingdom,2,326.75
16284,United Kingdom,2,823.97
16352,United Kingdom,2,494.44
16343,United Kingdom,2,370.48
16347,United Kingdom,2,887.65
16354,United Kingdom,2,395.8
16364,United Kingdom,2,707.04
16367,United Kingdom,2,804.49
16368,United Kingdom,2,497.43
16372,United Kingdom,2,367.93
16374,United Kingdom,2,473.03
16376,United Kingdom,2,987.01
16747,United Kingdom,2,836.06
16766,United Kingdom,2,1145.6
16716,United Kingdom,2,901.2
16723,United Kingdom,2,589.15
16674,United Kingdom,2,319.61
16698,United Kingdom,2,1998
16685,United Kingdom,2,324.24
16689,United Kingdom,2,422.6
16690,United Kingdom,2,225.58
16692,United Kingdom,2,1276
16693,United Kingdom,2,482.01
16642,United Kingdom,2,688.33
16644,United Kingdom,2,833.78
16647,United Kingdom,2,214.06
16634,United Kingdom,2,217.9
16667,United Kingdom,2,570.13
16653,United Kingdom,2,1212.66
16808,United Kingdom,2,288.42
16811,United Kingdom,2,547.07
16835,United Kingdom,2,180.85
16836,United Kingdom,2,251.87
16838,United Kingdom,2,588.85
16824,United Kingdom,2,460.64
16825,United Kingdom,2,775.18
16828,United Kingdom,2,128.5
16805,United Kingdom,2,460.59
16792,United Kingdom,2,110.38
16777,United Kingdom,2,226.35
16778,United Kingdom,2,245.94
16788,United Kingdom,2,597.48
16780,United Kingdom,2,425.19
16852,United Kingdom,2,144.91
16855,United Kingdom,2,328.4
16859,United Kingdom,2,747.81
16861,United Kingdom,2,173.76
16863,United Kingdom,2,502.8
16883,United Kingdom,2,276.73
16884,United Kingdom,2,429.84
16916,United Kingdom,2,576.26
16897,United Kingdom,2,289.78
16984,United Kingdom,2,4481.35
16986,United Kingdom,2,1873.2
16957,United Kingdom,2,416.64
16980,United Kingdom,2,1078.96
16968,United Kingdom,2,439.43
16952,United Kingdom,2,167.61
16933,United Kingdom,2,563.23
16934,United Kingdom,2,950.93
17035,United Kingdom,2,433.53
17026,United Kingdom,2,154.83
17029,United Kingdom,2,716
17031,United Kingdom,2,380.35
17018,United Kingdom,2,920.1
17004,United Kingdom,2,1412.94
16999,United Kingdom,2,484.82
17084,United Kingdom,2,2949.75
17078,United Kingdom,2,378.2
17080,United Kingdom,2,287.62
17081,United Kingdom,2,290.16
17082,United Kingdom,2,2003.85
17144,United Kingdom,2,984.57
17134,United Kingdom,2,425
17119,United Kingdom,2,606.91
17105,United Kingdom,2,665.78
17100,United Kingdom,2,971.74
17194,United Kingdom,2,262.62
17189,United Kingdom,2,384.4
17190,United Kingdom,2,444.74
17229,United Kingdom,2,318.76
17221,United Kingdom,2,335.13
17223,United Kingdom,2,426.79
17166,United Kingdom,2,206.34
17169,United Kingdom,2,835.78
17181,United Kingdom,2,239.92
17186,United Kingdom,2,144
17163,United Kingdom,2,293.1
17155,United Kingdom,2,251.7
17157,United Kingdom,2,319
14768,United Kingdom,2,192.6
14770,United Kingdom,2,876.42
14761,United Kingdom,2,255.9
14754,United Kingdom,2,638.05
14716,United Kingdom,2,329.68
14819,United Kingdom,2,272.07
14813,United Kingdom,2,155.43
14815,United Kingdom,2,778.5
14817,United Kingdom,2,1110.34
14780,United Kingdom,2,447.68
14784,United Kingdom,2,289.99
14785,United Kingdom,2,77.4
14788,United Kingdom,2,679.44
14778,United Kingdom,2,730.86
14947,United Kingdom,2,290.82
14918,United Kingdom,2,1610.15
14920,United Kingdom,2,977.77
14921,United Kingdom,2,1316.07
14960,United Kingdom,2,221.27
14965,United Kingdom,2,599
14984,United Kingdom,2,213.27
14985,United Kingdom,2,296.75
14987,United Kingdom,2,326.4
14995,United Kingdom,2,233.23
15030,United Kingdom,2,518.28
15012,United Kingdom,2,423.04
15014,United Kingdom,2,260.17
14998,United Kingdom,2,429.87
14882,United Kingdom,2,589.7
14891,United Kingdom,2,554.38
14893,United Kingdom,2,1237.85
14896,United Kingdom,2,468.77
14915,United Kingdom,2,307.48
14904,United Kingdom,2,1025.44
14905,United Kingdom,2,616.15
14857,United Kingdom,2,1173.12
14855,United Kingdom,2,645.65
14853,United Kingdom,2,475.8
14851,United Kingdom,2,511.35
14862,United Kingdom,2,841.2
14865,United Kingdom,2,52.2
14875,United Kingdom,2,1465.32
14869,United Kingdom,2,725.7
15198,United Kingdom,2,193.64
15182,United Kingdom,2,622.85
15184,United Kingdom,2,406.76
15186,United Kingdom,2,411.41
15163,United Kingdom,2,304.47
15146,United Kingdom,2,1327.16
15139,United Kingdom,2,178.96
15123,United Kingdom,2,2199.31
15124,United Kingdom,2,184.19
15121,United Kingdom,2,457.72
15101,United Kingdom,2,317.53
15103,United Kingdom,2,703.36
15104,United Kingdom,2,1027.44
15088,United Kingdom,2,1160.07
15092,United Kingdom,2,457.81
15045,United Kingdom,2,735.66
15054,United Kingdom,2,302.1
15057,United Kingdom,2,1489.5
15068,United Kingdom,2,553.36
15071,United Kingdom,2,982.07
15287,United Kingdom,2,486.69
15272,United Kingdom,2,721.94
15274,United Kingdom,2,716.57
15349,United Kingdom,2,473.81
15339,United Kingdom,2,574.07
15330,United Kingdom,2,714.96
15315,United Kingdom,2,570.5
15366,United Kingdom,2,602.51
15364,United Kingdom,2,913.19
15353,United Kingdom,2,777.02
15355,United Kingdom,2,277.05
15246,United Kingdom,2,514.15
15252,United Kingdom,2,740.78
15258,United Kingdom,2,623.16
15265,United Kingdom,2,1506.12
15244,United Kingdom,2,631.57
15239,United Kingdom,2,780.59
15205,United Kingdom,2,653.24
15211,United Kingdom,2,894.41
15213,United Kingdom,2,328.35
15230,United Kingdom,2,429.6
15232,United Kingdom,2,612.06
15223,United Kingdom,2,755.75
15224,United Kingdom,2,322.08
15599,United Kingdom,2,761.74
15579,United Kingdom,2,348.6
15612,United Kingdom,2,195.15
15573,United Kingdom,2,607.45
15565,United Kingdom,2,173.16
15545,United Kingdom,2,292.72
15636,United Kingdom,2,724.76
15648,United Kingdom,2,657.35
15649,United Kingdom,2,816
15626,United Kingdom,2,675.8
15630,United Kingdom,2,1186.35
15689,United Kingdom,2,254.1
15690,United Kingdom,2,239.76
15653,United Kingdom,2,877.44
15654,United Kingdom,2,922.53
15661,United Kingdom,2,309.8
15665,United Kingdom,2,2242.01
15468,United Kingdom,2,467.51
15469,United Kingdom,2,538.55
15478,United Kingdom,2,1441.42
15494,United Kingdom,2,1299.23
15497,United Kingdom,2,1262.2
15492,United Kingdom,2,659.46
15512,United Kingdom,2,121
15526,United Kingdom,2,148.44
15522,United Kingdom,2,398.84
15531,United Kingdom,2,2007.44
15429,United Kingdom,2,397.35
15433,United Kingdom,2,533.3
15422,United Kingdom,2,97.7
15424,United Kingdom,2,383.34
15444,United Kingdom,2,1418.26
15402,United Kingdom,2,626.77
15406,United Kingdom,2,510.71
15398,United Kingdom,2,1345.53
15393,United Kingdom,2,231.86
15381,United Kingdom,2,596.85
15384,United Kingdom,2,642.41
15935,United Kingdom,2,416.86
15918,United Kingdom,2,334.23
15919,United Kingdom,2,639.89
15912,United Kingdom,2,264.62
15951,United Kingdom,2,708.22
15948,United Kingdom,2,955.24
15949,United Kingdom,2,364.72
15963,United Kingdom,2,470.76
15985,United Kingdom,2,1142.42
15967,United Kingdom,2,418.83
15976,United Kingdom,2,430.94
15977,United Kingdom,2,1054.73
15840,United Kingdom,2,355.56
15847,United Kingdom,2,389.27
15850,United Kingdom,2,238.85
15852,United Kingdom,2,160.71
15863,United Kingdom,2,68.84
15889,United Kingdom,2,446.87
15894,United Kingdom,2,263.55
15897,United Kingdom,2,222.05
15869,United Kingdom,2,149.64
15872,United Kingdom,2,360.93
15883,United Kingdom,2,396.48
15877,United Kingdom,2,493.28
15732,United Kingdom,2,294.12
15734,United Kingdom,2,1339.45
15713,United Kingdom,2,356.7
15714,United Kingdom,2,330.88
15700,United Kingdom,2,696.68
15695,United Kingdom,2,409.98
15724,United Kingdom,2,218.25
15762,United Kingdom,2,583.75
15763,United Kingdom,2,1086.92
15757,United Kingdom,2,714.42
15791,United Kingdom,2,1612.69
15800,United Kingdom,2,699.08
15813,United Kingdom,2,1303.91
15829,United Kingdom,2,636.14
15821,United Kingdom,2,570.96
15822,United Kingdom,2,885.47
14442,Channel Islands,2,1589.82
12465,Belgium,2,742.19
12876,Belgium,2,2218.02
14934,Channel Islands,2,1890.94
12431,Belgium,2,972.78
12865,Austria,2,1568.23
12379,Belgium,2,852.24
12386,Australia,2,401.9
12397,Belgium,2,2409.9
12422,Australia,2,386.2
12424,Australia,2,1760.96
12358,Austria,2,1168.06
12434,Australia,2,806.14
12535,France,2,716.35
12508,France,2,398.27
12493,France,2,433.74
12582,Finland,2,511.36
12630,Finland,2,1270.88
12435,Denmark,2,7829.89
13919,Denmark,2,384.81
12375,Finland,2,457.5
12455,Cyprus,2,1698.9
12457,Cyprus,2,392.7
12781,Czech Republic,2,826.74
12406,Denmark,2,3415.3
12365,Cyprus,2,641.38
12694,France,2,869.67
12689,France,2,1247.61
12589,France,2,646.68
12571,France,2,519.61
12624,France,2,641.13
12616,France,2,713.3
12604,France,2,254.18
12468,Germany,2,729.54
12735,France,2,779.57
12716,France,2,1053.49
12719,France,2,644.95
12504,Germany,2,482.05
12516,Germany,2,1312.06
12492,Germany,2,263.21
12559,Germany,2,561.71
12522,Germany,2,192.72
12701,Germany,2,797.71
12673,Germany,2,610.52
12572,Germany,2,1020.42
12585,Germany,2,2040.1
12590,Germany,2,9864.26
12592,Germany,2,437.6
12625,Germany,2,2683.82
12635,Germany,2,1689.18
14912,Italy,2,867.85
12438,Norway,2,2906.85
12755,Japan,2,3811.95
12763,Japan,2,494.08
13814,Germany,2,1579.12
13816,Germany,2,571.67
13817,Germany,2,382.98
14335,Germany,2,468.26
12717,Greece,2,1030.98
12512,Israel,2,138.03
12653,Israel,2,2209.85
12552,Italy,2,437.82
12578,Italy,2,2794.51
12822,United Kingdom,2,948.88
12838,United Kingdom,2,683.13
12832,United Kingdom,2,383.03
12829,United Kingdom,2,293
12410,Switzerland,2,693.33
12452,Switzerland,2,430.57
12371,Switzerland,2,1887.96
12377,Switzerland,2,1628.12
12384,Switzerland,2,585.27
13493,Switzerland,2,618.63
12739,United Arab Emirates,2,1013.04
12458,Switzerland,2,947.4
12461,Switzerland,2,826.88
12462,Spain,2,1189.59
12450,Spain,2,197.88
12784,Portugal,2,574.42
12793,Portugal,2,545.48
12794,Portugal,2,860.41
12815,Poland,2,1063.46
12816,Poland,2,572.2
12758,Portugal,2,2791.59
12762,Portugal,2,1898.52
12545,Spain,2,1000.39
12546,Spain,2,1161.5
12547,Spain,2,207.8
12556,Spain,2,603.71
12510,Spain,2,982.57
12596,Spain,2,618.27
12944,United Kingdom,2,604.51
12940,United Kingdom,2,913.54
12925,United Kingdom,2,694.05
12930,United Kingdom,2,415.8
12991,United Kingdom,2,503.76
12967,United Kingdom,2,1660.9
12981,United Kingdom,2,372.22
12985,United Kingdom,2,1239.38
12987,United Kingdom,2,558.7
12962,United Kingdom,2,266.39
12895,United Kingdom,2,372.8
12897,United Kingdom,2,216.5
12882,United Kingdom,2,1463.04
12886,United Kingdom,2,1378.4
12888,United Kingdom,2,354.12
12908,United Kingdom,2,750
12904,United Kingdom,2,509.58
12915,United Kingdom,2,363.65
12849,United Kingdom,2,1050.89
12844,United Kingdom,2,325.96
12842,United Kingdom,2,1118.99
12857,United Kingdom,2,1106.4
12878,United Kingdom,2,854.99
12871,United Kingdom,2,380.64
12872,United Kingdom,2,599.97
12875,United Kingdom,2,343.23
13122,United Kingdom,2,922.39
13133,United Kingdom,2,109.8
13109,United Kingdom,2,786.54
13083,United Kingdom,2,303.75
13085,United Kingdom,2,416.08
13023,United Kingdom,2,689.9
13005,United Kingdom,2,513.7
13040,United Kingdom,2,676.99
13046,United Kingdom,2,629.31
13030,United Kingdom,2,799.48
13032,United Kingdom,2,1010.18
13034,United Kingdom,2,642.77
13035,United Kingdom,2,921.88
13066,United Kingdom,2,470.8
13068,United Kingdom,2,344
13049,United Kingdom,2,656.68
13028,United Kingdom,2,661.32
13283,United Kingdom,2,93.66
13292,United Kingdom,2,578.94
13294,United Kingdom,2,873.74
13272,United Kingdom,2,276.56
13276,United Kingdom,2,590.93
13261,United Kingdom,2,944.1
13253,United Kingdom,2,1030.4
13255,United Kingdom,2,399.51
13248,United Kingdom,2,465.68
13221,United Kingdom,2,847.41
13223,United Kingdom,2,163.2
13224,United Kingdom,2,2155.95
13233,United Kingdom,2,605.12
13236,United Kingdom,2,744.85
13173,United Kingdom,2,353.65
13169,United Kingdom,2,712.88
13165,United Kingdom,2,1021.48
13189,United Kingdom,2,260.68
13192,United Kingdom,2,911.94
13207,United Kingdom,2,250.26
13420,United Kingdom,2,159.85
13421,United Kingdom,2,1851.08
13416,United Kingdom,2,712.5
13417,United Kingdom,2,640.83
13430,United Kingdom,2,679.45
13431,United Kingdom,2,1269.1
13434,United Kingdom,2,534.24
13467,United Kingdom,2,1083.71
13460,United Kingdom,2,183.44
13452,United Kingdom,2,590
13453,United Kingdom,2,356.98
13455,United Kingdom,2,1058.34
13473,United Kingdom,2,422.64
13470,United Kingdom,2,165
13476,United Kingdom,2,1238.47
13479,United Kingdom,2,300.95
13388,United Kingdom,2,677.1
13402,United Kingdom,2,621.23
13404,United Kingdom,2,252.49
13396,United Kingdom,2,1360.99
13350,United Kingdom,2,979.12
13363,United Kingdom,2,992.5
13365,United Kingdom,2,2225.37
13368,United Kingdom,2,623.4
13311,United Kingdom,2,598.57
13329,United Kingdom,2,789
13321,United Kingdom,2,567.36
14594,United Kingdom,2,379.83
14567,United Kingdom,2,1530.36
14570,United Kingdom,2,218.06
14620,United Kingdom,2,412.78
14624,United Kingdom,2,225.85
14625,United Kingdom,2,899.63
14628,United Kingdom,2,671.96
14629,United Kingdom,2,959.01
14597,United Kingdom,2,883.15
14643,United Kingdom,2,693.81
14644,United Kingdom,2,830.76
14645,United Kingdom,2,597.09
14682,United Kingdom,2,52
14690,United Kingdom,2,371.7
14697,United Kingdom,2,188.61
14636,United Kingdom,2,609.85
14651,United Kingdom,2,654.6
14658,United Kingdom,2,247.15
14656,United Kingdom,2,291.05
14670,United Kingdom,2,411.53
14672,United Kingdom,2,765.55
14664,United Kingdom,2,637.89
14660,United Kingdom,2,285.74
14538,United Kingdom,2,388.25
14539,United Kingdom,2,537.48
14555,United Kingdom,2,324.14
14544,United Kingdom,2,2024.45
14548,United Kingdom,2,652.8
14550,United Kingdom,2,765.62
14551,United Kingdom,2,186.23
14512,United Kingdom,2,275.28
14508,United Kingdom,2,276.42
14517,United Kingdom,2,330.45
14520,United Kingdom,2,270.6
14448,United Kingdom,2,375.35
14470,United Kingdom,2,461.19
14451,United Kingdom,2,662.59
14452,United Kingdom,2,264.44
14473,United Kingdom,2,234.34
14479,United Kingdom,2,316.25
14481,United Kingdom,2,636.51
14491,United Kingdom,2,340.93
14501,United Kingdom,2,251.21
14495,United Kingdom,2,123.8
14496,United Kingdom,2,538.81
14162,United Kingdom,2,289.36
14147,United Kingdom,2,483.4
14150,United Kingdom,2,658.64
14152,United Kingdom,2,621.29
14154,United Kingdom,2,1345.62
14157,United Kingdom,2,432.88
14138,United Kingdom,2,982.38
14140,United Kingdom,2,935.05
14114,United Kingdom,2,386.53
14164,United Kingdom,2,1631.77
14179,United Kingdom,2,719.78
14193,United Kingdom,2,853.39
14205,United Kingdom,2,466.7
14195,United Kingdom,2,1012
14245,United Kingdom,2,1693.45
14236,United Kingdom,2,490.86
14240,United Kingdom,2,890.34
14242,United Kingdom,2,280.55
14256,United Kingdom,2,969.06
14264,United Kingdom,2,333.97
14261,United Kingdom,2,1163.45
14220,United Kingdom,2,632.4
14331,United Kingdom,2,462.66
14338,United Kingdom,2,588.22
14323,United Kingdom,2,605.06
14320,United Kingdom,2,477.79
14306,United Kingdom,2,2093.32
14284,United Kingdom,2,595.25
14272,United Kingdom,2,437.96
14427,United Kingdom,2,363.34
14421,United Kingdom,2,813.11
14416,United Kingdom,2,490.22
14412,United Kingdom,2,770.03
14377,United Kingdom,2,617.05
14379,United Kingdom,2,348.1
14354,United Kingdom,2,163.62
14356,United Kingdom,2,701.23
14346,United Kingdom,2,1021.58
14389,United Kingdom,2,1043.46
14396,United Kingdom,2,487.99
14023,United Kingdom,2,584.07
14024,United Kingdom,2,327.7
14029,United Kingdom,2,467.66
14009,United Kingdom,2,695.61
14020,United Kingdom,2,642.8
14037,United Kingdom,2,147.2
14002,United Kingdom,2,529.73
13989,United Kingdom,2,1266.08
13972,United Kingdom,2,190.25
13978,United Kingdom,2,196.79
14128,United Kingdom,2,637.5
14108,United Kingdom,2,597.91
14104,United Kingdom,2,216.21
14081,United Kingdom,2,934.52
14067,United Kingdom,2,374.7
14050,United Kingdom,2,746.36
14053,United Kingdom,2,260.25
13885,United Kingdom,2,506.8
13888,United Kingdom,2,605.63
13868,United Kingdom,2,3192.54
13805,United Kingdom,2,924.6
13821,United Kingdom,2,385.64
13822,United Kingdom,2,632
13823,United Kingdom,2,957.66
13849,United Kingdom,2,1537.95
13837,United Kingdom,2,271.24
13954,United Kingdom,2,439.92
13955,United Kingdom,2,322.96
13960,United Kingdom,2,230.22
13962,United Kingdom,2,169.55
13904,United Kingdom,2,332.64
13952,United Kingdom,2,3251.07
13899,United Kingdom,2,388.52
13929,United Kingdom,2,842.65
13930,United Kingdom,2,337.34
13931,United Kingdom,2,1237.53
13933,United Kingdom,2,608.79
13914,United Kingdom,2,626.45
13917,United Kingdom,2,272.04
13918,United Kingdom,2,1212.84
13496,United Kingdom,2,653.33
13497,United Kingdom,2,348.05
13506,United Kingdom,2,458.52
13544,United Kingdom,2,291.41
13525,United Kingdom,2,628.78
13548,United Kingdom,2,682.41
13529,United Kingdom,2,307.76
13531,United Kingdom,2,483.8
13557,United Kingdom,2,584.06
13596,United Kingdom,2,697.04
13601,United Kingdom,2,693.32
13579,United Kingdom,2,467.04
13589,United Kingdom,2,379.65
13565,United Kingdom,2,240.22
13566,United Kingdom,2,874.71
13569,United Kingdom,2,373.75
13563,United Kingdom,2,777.53
13573,United Kingdom,2,294.4
13711,United Kingdom,2,252.06
13718,United Kingdom,2,306.55
13707,United Kingdom,2,806.41
13659,United Kingdom,2,1573.2
13669,United Kingdom,2,218.55
13672,United Kingdom,2,186.39
13673,United Kingdom,2,396.92
13675,United Kingdom,2,486.82
13649,United Kingdom,2,346.6
13651,United Kingdom,2,94.2
13655,United Kingdom,2,932.97
13656,United Kingdom,2,379.65
13657,United Kingdom,2,382.14
13736,United Kingdom,2,731.9
13730,United Kingdom,2,752.6
13731,United Kingdom,2,610.59
13726,United Kingdom,2,1079.66
13727,United Kingdom,2,333.48
13744,United Kingdom,2,1156.36
13759,United Kingdom,2,659.41
13760,United Kingdom,2,286.79
13761,United Kingdom,2,1070.65
13754,United Kingdom,2,282.6
13787,United Kingdom,2,309.04
13791,United Kingdom,2,1516
13792,United Kingdom,2,195.55
13780,United Kingdom,2,360.01
13799,United Kingdom,2,688.86
